ResourceID,Name
001fee32-317a-4cda-8462-d4eaa60d0dca,"Panahipour, M"
00486a7a-e029-4032-bc64-ea1ec2fe8742,Ayman Abdurabbah
004f5b23-951f-40a8-8d4b-0916a91dcf0a,Abdruraouf Aldarebi
00683852-3f64-42a9-990f-34f825050aa1,"Stacey, D."
00724873-2614-4728-8513-bf38307f26d3,"Director: Robin, C."
00797c81-e1de-49cc-a28c-2a42576b919d,"Gabriel, M."
009c24be-4ff0-4bfe-8186-838a7ad79297,"Wilkinson, T.J."
00c9b987-85c7-4b5f-b75f-42a3666770b1,"Brüning, M. L."
00ec21ed-268f-4ca6-bac3-b06aa4dc471f,"Cleuziou, S."
00ec21ed-268f-4ca6-bac3-b06aa4dc471f,S. Cleuziou
012a8a9d-3f26-4b49-9e19-08c2e1fb5c84,"Bafâqîh, M."
017bed06-0fd2-449a-8b40-8b8e922df0be,"Kirkebride, D."
01949832-d231-4293-8e2e-6211d07b7603,L. Khalil
019b478b-992e-4b60-b0f7-8c5d28981b83,"Bâtayîʿ, A."
01ac7f3e-352f-4102-8d60-9e8ba81db9c3,"De Maigret, A."
01cbff9e-2c29-45fe-905b-494d69a5c47f,"Hanoune, R."
020bcb4d-e545-465d-ae11-f7d8f9ac510f,Harmen Huigens
020e63f1-9faa-4e15-abec-8c0478b98a4a,"Chaya, A."
029a407f-ce4c-402f-91cd-3f9952ffc7bf,"Clermont-Ganneau, C."
02d5822d-0d38-4d08-8ccb-7e41ca1603c1,"Netzer,E."
02f9a13e-c56e-404e-90e9-19e44b136e98,Lorenzo Nigro
03130b3a-0efc-468a-b4c7-c05daf362518,A.A.B. Al-Shanfari
03182277-1f01-4f23-95b3-9fbd32865977,"Philby, H.St J.B."
032ff695-593f-4e63-9180-53cf9937d2d9,"Stuart, B."
034907e2-cb77-47f1-b1ee-2d1f5155aac6,"Gibson, McG."
03567dae-b5b1-4d44-a663-0706bf124427,"Khamis, E."
03887592-c45a-400a-8c72-197b3f985999,"Humphrey, J."
03ac9a7c-10a1-4ab5-8f81-5092269bb907,Belgacem Gdiri
03bfb190-16ed-4cac-90c0-0e110d1e0958,"Dulière, C."
03cab0b1-7772-4cf4-b225-25636056f2ee,Latif Oksuz
03d1bd24-ad67-451d-8498-2783ff6bae3b,"Babelon, E."
0410b9db-a63e-4dde-84bb-cd0e8ef01039,"Rghei, A."
04150856-bc12-4955-b738-bb2628ef0b74,I. Thuesen
04150856-bc12-4955-b738-bb2628ef0b74,"Thuesen, I."
0429645c-01bd-4377-a27e-0d840ef4152b,Garrard et al.
047c0a0b-7904-49ab-8091-b1092f983eac,"Darles, Ch."
04830253-59d2-4a0c-9b69-341acdaf32d8,"Buzaian, A."
049b5da3-d2ea-4e28-b5ba-aed957fab335,Rocio da Silva
04c2f397-e07d-4067-94e4-e4376bcc11fa,"al-Radi, S."
04c2f397-e07d-4067-94e4-e4376bcc11fa,"Al-Radi, S."
04d70d73-062b-48ac-8c02-d9944398eb50,"'Amr, K."
053b581c-8fa2-46d6-a45e-4a4c6aeb5fff,"Marfoe, L."
055b9845-0cbf-48e5-a1ed-cf5c30c16e15,جمعية حماية الآثار السورية
05675a70-5c77-4b9d-950f-ee4de6ad9580,"Eklund, A."
058ee465-793b-4998-99f9-a1b8ca28fdb0,"Guy, H."
05b0a707-527f-412c-880e-68fc989a9009,"Walmsley, A"
05be0f56-0c88-4910-ab2d-6a360e7651c9,"Hamilton, R.A.B."
05c10f70-b9f9-4f21-8315-0cd700671b2a,"Norris, H. T."
05c17975-abbc-4489-ae03-d4307485c593,Robert Bewley
05f4d94b-03df-43e1-a5a0-6caf85734078,Philostorgius
060934d6-4f7d-4d56-ba27-67a0bafa50a1,"CNES_2015, AIRBUS DS Geo"
0634c98d-100d-489c-b583-ed2eefd0a73d,"Haidar-Boustani, M."
064a41ee-bffb-459a-9292-a138f7b18ecd,"Feldman, C."
069dc9d8-c0db-45fd-a4d9-b8cc1c9b7ab4,"Walda, H.M."
06c08b67-c090-41e6-8204-b240d9d8cf8a,"Judd, M. A."
06e08087-a521-4f51-af7b-f45b9154c496,T. Vosmer
06ec5933-9b46-49e3-bad5-65e35b43a533,"Reddé, M."
073a1e68-d3b7-4271-8fc1-38c0bc58e0e5,"Morrow, M."
074c2cec-89be-4b42-bf60-8f84fe03aadc,MJN
07611b52-a5ce-48c1-97cb-99812a50a384,"Dinur, R."
076eb886-71ba-4ab0-836e-048d3dd7fe28,"Romanelli, P."
07d3201f-8ba8-4d98-84df-d351d13940d6,"Villiers, L. E."
07eb67ba-4d93-49ff-add6-e954af11df01,"Rhodes, S."
082a1a3a-b618-450f-96d7-15d6812f44ff,Crystal Safadi
083a94d7-d8bb-421c-a822-cd90f6bc4f1d,"Bayle des Hermens, R. de"
0858c223-3160-4772-936a-c63b1061e8d7,S.K. Brown
0864f43a-ac3d-4974-b079-54b7febcf47d,"Jotheri, J. H. A."
087844ec-12a0-474a-b242-5eb9ddc0c140,Adams (1972)
08b7e4bb-7aca-4a30-b9f2-e9a20653cc53,"Müller, W. W."
08bbb5a6-87a8-43ab-b558-108b41558868,"Baer, E."
08cf732c-1a83-48ca-8ff9-6eae01bc0db7,"Zissu, B."
0923d69c-546c-4e65-ba8f-264fd06bd587,S.T. Parker
094f249d-eb08-4585-96d8-1a88495e01c4,"Crassard, R."
097f569d-5d19-4b80-af7d-8d4c84cd0c93,"Josep, T."
09da5651-d891-4b9e-b6b9-2d5bc3945265,L. Saint-Jalm
0a12a5a5-22a9-4bf4-9590-e5bdf0b1c8f7,"al-Khaṭīb, Muḥibb ad-Dīn"
0a17355e-9ab9-4f31-a88e-c7525c462817,"al-Ḥiwālī, Muḥammad ibn ʿAlī al-Akwaʿ"
0a52e811-11e6-4ec8-9a03-f0941cb5d477,"Silvonen, S."
0a99c526-98b2-410c-9f51-60042d73d4f6,"Laureys-Chachy, R."
0aa9971f-f549-438d-89cf-808f5fe8918c,"Bellwald, U."
0af06ce4-e29c-4182-ae5e-24d667a34bbd,F. Cavulli
0b6b04c9-a163-4fa5-989d-c1e846f756b8,"Huigens, H. O."
0baa3de2-83c4-4405-ab6f-af9604970727,Fotografiajo Inc.
0baa89d7-8a44-48b6-a0dc-5b52b4780429,"Barta, P."
0bc58dc7-7be9-4493-8b45-ae297c8eca07,"Smith, D..J."
0bd1bd77-dfdc-48db-9dc1-eb668bfb8ab2,"Knötzele, P."
0c08ca9b-1d4d-48a1-a31b-124c1f206654,"Schmidt, J."
0c0abc30-30d9-4b27-a9e0-6bea7bb4bb2e,"Beaver, J. E."
0cbcf4a0-c34a-4609-a480-97f5bf7edc8e,"Audouin, R. (director)"
0ccf19d4-dfc5-4b22-89c3-381647c84c74,Rowan et al.
0cfa367e-d840-4dce-a0b6-d9558520096f,"Murray, G.W."
0d005956-430c-4217-9509-ee85947bc500,"Kampbell, S. M."
0d15e602-ba41-4874-ae6e-f4bb0ba27b50,"Rossiter, J."
0d6a23c2-57d9-4bc1-9103-5756de63ffe9,"Abou-Hamed, M.S."
0d9a43b3-6795-4390-bb8a-1de425eaa98e,"Garstang, J. et al."
0d9c637e-cc39-49eb-96f1-77616121c5c9,"Hallier, G."
0dbd4c95-03d9-491e-b7b1-9654079dca49,"Imbert, F."
0dcec059-8e6b-4cff-8441-34b237bb8641,"Yahya, A."
0dfee23e-86c3-4b4f-a97a-ce628957db24,"Miles, J.C."
0e43c196-e3e3-4a8b-adda-1390fe24f79e,"Wissmann, H."
0eae4e87-9701-4dd1-b4a4-c32a9a00bfaf,"Yamafuji, M."
0ed829ea-fb9a-4cab-aabe-d4156765b24a,"Gentelle, P."
0ee73e1c-e0a4-45c9-bcdd-f31217092695,Aysar Rdaideh
0ef06adc-a209-47d2-9bf7-def1ffbf77ea,Akira Tsuneki
0ef517d4-b875-4079-b4eb-a5c8139805ca,"Rozemberg, S."
0f0402fb-19d2-42fe-9b55-7ce63a35f2e7,Tell Hamoukar Survey/Jason Ur
0f2b6089-74e8-4e41-b85f-a3003a514064,Jehad Yasine
0f3764ed-7363-4373-b4bc-87f0185c549c,"Lavigne, O."
0f3f4e78-5253-4bd1-a100-c0757cc49752,Federico Borgi
0f734874-e7d8-4660-a5ae-70896abbd845,"Graf von Landberg, C."
0f9bd4a0-752f-4861-9382-9f20e6b9bf15,"Bliss, F.J."
0fd7f5ad-7764-43ec-9167-8d609bab504c,"Mageni, Y."
0fe817b4-6596-4b4d-ba21-f94a8bc221ae,"Moroni, B."
0ff48b14-be37-454b-8b0a-b7cbb1c54392,"Williams, J"
10042d5e-a953-4510-ac4b-291839bb1578,"Ullah, I."
1006fb0b-8bd0-48d9-a52b-7d76fab1bfba,"Goepp, M."
105bc9f6-3005-4ca4-a4bb-dc5196e30e6e,"Mallinson, M."
106033cd-fc47-4d09-91d3-1a0e9b3abec7,C. Gosset
108e74f5-e98e-427a-93a6-7b082f1a95b6,"Miles, S. B."
10d07c74-339d-4c65-9c90-263138a4d225,"Sedov, Alexander V."
110b6ac2-6db9-4cec-9e77-b11f8bf948f6,"Sala, M.; D'Andrea, M."
113ac45c-5f07-449a-a9a1-a134b6a86cf5,"O'Connell, J"
1160ad7d-4cfa-483a-8c32-468e3946ae8a,"O'Connell, J."
117f6dbe-c6fb-4e0b-b11e-d852bb849d0c,"Colledge, S."
11af28aa-6e59-40d1-b192-2ed431c778dc,"Bewley, R."
11b4d240-27b2-4dee-9980-22384918e0e0,"Clutton-Brock, J."
120b9e56-708c-4385-8790-c157941c6910,Khaled Zyout
12794cf2-0dfb-4b6f-bb66-7a14077c04a4,Hans G. Güterbock
12a7c0a6-bb06-4058-9c3b-6b8068b756d8,"Bron, Fr."
12b0cde7-00c6-4c7a-b758-26ad93659db6,"Bisheh, Gh."
12bb5aca-22cf-407b-a2fe-101bfdb1b502,"Al Tikriti, W.Y."
12c00da6-8258-4e3e-8c27-1ea407cf77d1,Robert Easton
12c52d54-352f-4d65-a096-6332cc1907d8,"Abdallah, Y.M."
130f84d1-142d-4a9b-a207-b56e82470957,EAMENA-CPF trainees
1315605b-37f5-4015-83e1-1655443a7e34,Helloula
137e27d9-d6ff-47d9-855d-7125af68a12e,"Kulemann-Ossen, S."
139f4965-9f2d-49fc-92d0-c5b2ab993603,Hanaa
13a47d52-862a-4b6b-9b06-732e7526e4d2,"Drewes, A.J."
13a6e731-3f88-456a-82d6-43e8e993f576,"Prioletta, A."
13b9fb32-5ec5-41ae-991e-4230145c75c0,"Abumoghli, I."
13c13ba0-3e01-419a-bb89-89047a6ba831,"Goiran, J-P."
13dde6ca-a4a6-488c-88e3-1af95c36f94d,"Zech, J."
13e174af-421b-4325-8577-85996567cd8a,"Littleton, J."
13ff9973-c512-44af-be48-121572ba4dcd,UNESCO World Heritage Centre
14b4e76a-c570-4bc4-9def-02e851329b9a,Abdallah Alsaket
14bc3075-6506-4772-b65b-a9c56e957b40,"Flohr, P."
14c676c2-ca4b-4c2e-9f25-6264791a7da0,"Kolb, B."
14d4e09a-7755-4b2b-b6c7-e7d95adcc14c,"Wissmann, H. von"
14f3078e-93a0-4452-b266-c33e0a93bf6e,"Bessac, J.-C."
152afe6d-6312-4fef-aab7-9c6e75d34ab4,"Baird, D."
152ba4b5-4003-41f1-9469-3d47bf03a238,"Penacho, S"
15570a69-7512-4dd3-a90c-bb503fa98fcc,"Macumber, P"
15586a86-438d-4311-a57e-4cd1c56f72fe,"Warren, C."
1599e13d-487f-47d2-aaca-62e4e41bc701,"Wilson, R. T. O."
15fff357-c035-45c0-8d34-2b856394aa20,"Myriantheos-Koufopoulou, M."
160afcc7-8ac9-4f29-b3a3-43915bd79ecf,"Killebrew, A."
160f6911-4dc2-4fb5-b07c-0e90f711cab8,"Yahiya, A.R."
16464852-7a84-4ab0-9d16-0e5ddd91d048,"Fakoury, L."
1655d8d1-11c3-4760-b563-0cd181371a3b,"Nestori, A."
1655fc4d-bf61-4c5c-9150-1dafc1df71f4,"Foerster, G."
1658550e-7f9d-47ba-80cc-647813615760,"Foley, L."
16970f81-e745-4170-a9f0-8c1ef2fe59b7,"Tuttle, C. A."
169a7a60-8729-42ea-b4f5-ffdf472eb5b8,"Bunimovitz, S."
16b051c3-611c-4105-ad74-889132a93214,"Ascalone, E."
16fedb9a-318e-456b-9e3f-46a99c6d5767,"Ynnilä, H."
173605e0-88c2-47b9-9826-337ede74dc4d,"Werner, A."
17ccdaa0-927a-4073-8d51-761e2c794599,"Ghadbân, C."
17e4b1e5-d2a2-4fd4-b5af-5e3c5602a232,Yener
1833d975-cecd-4d15-bccf-aedd54646b04,"Besancon, J."
1842690f-155b-4f8b-8793-8cfb63647879,World Monuments Fund
1871b1aa-27d9-4319-be3f-620739119ad2,"Mosherer, Y."
1896ee0e-858d-44e3-b9c0-694e83782679,"Winterburn, J.B. / GARP"
189a5ced-88c7-4c1a-b9a5-353360fb2d3d,"Harder, G."
18b5af19-b71f-42ad-bd84-d965b49dba82,Haythem Abidi
190500cb-ea84-4ea3-83ca-0a6dcf5ff510,"Daniels, C.M."
19063705-5c5f-46f0-a88a-7f4add402780,"Mazar, A."
193b267a-517f-461b-a6ee-4c2dc60dbdf1,"Breton, J.-Fr."
1952e8ae-d156-47ea-b925-1e26050adb45,"Bartoccini, A."
198c0f33-30c1-419f-a3b8-033d87950580,Rodrigo Ortiz Vazquez
19aa7f5f-4e1c-482d-af62-865f9a3885d4,"Phillips, W."
19de2331-6c9a-467b-a054-7036b736f582,"Kelso, J.L."
1a0f1693-780a-4551-8372-4077f318920d,"Bozzi, R."
1a180a61-22f8-4013-b162-9bec0ac7ddb3,"Bretschneider, Joachim"
1a3c1b01-2f72-42e8-ad08-8c5d471e4355,"Forsythe, W."
1a422bbb-981a-4ff3-93e1-a8d0ebaf6f3b,"Meinardus, O."
1a6970ec-74a2-4e60-9d21-1bbb5ab289da,"Wrede, A. von"
1aa964ba-e2ae-4158-887f-b33bd8fc68ff,UNESCO Libyan Valleys Survey Gazetteer
1ac92fbc-689b-447f-a5a0-ddb22335781a,"Keall, E. J."
1af84581-32ef-4b78-bf7e-656a903b673d,"Rollefson, G."
1b05def9-f744-48ab-87de-ca13fc532f0c,"Gillet, E."
1b1150d2-f2e4-430b-a2c7-a557f053bd5a,"Hoffmann Pedersen, C."
1b83bdbd-622d-4e83-ac8f-ad1b5f3ceccb,"Finlayson, B."
1b8bb1a1-4059-4e61-a510-c8b29e377d64,"Rollefson, G. O."
1b8fc2c8-cd77-432e-a1d2-14b2f836f72a,"Piana, M."
1bde7ee6-d7f5-4c52-94b7-20328d293bb2,Amr and al Momani 2001
1c124885-4e22-4b27-9af5-f4ceb4491973,Leia Tilley
1c32c6c4-35f6-4147-a6e5-230619188757,"Abdulkarim, M."
1c375b51-e950-4999-80ba-15ae5ae5e3c4,David Leslie Kennedy
1c95db6f-2452-498a-8e50-a928508459dc,"Haïdar-Boustani, M."
1cb241e1-5aca-4b48-8ebd-dda21f809a7c,"Pirenne, J."
1cd1e024-59d1-4472-9f76-e752f396573a,"Chesson, M."
1ce3025c-b429-451f-9683-11e3a97ff131,"Sparks, R."
1d3be755-815e-458c-951b-21f45edfc977,Daniele Borkowski
1d4cc4ab-e5a4-4aca-ab0c-7e1d560b6cb3,"Urban, T. M."
1d6a597f-ceda-4286-8cfa-46270c81ea81,"Antonini, S."
1d771776-ea30-4142-ba5e-3ea02e7f149e,Torbjørn Preus Schou
1da79322-8af8-4220-b688-1be357236f7f,"Beschaouch, A."
1de9c685-3c3c-438f-bda5-6dd2750819f2,"Halloun, M."
1e7eb225-d24d-400d-b68d-bbe800788525,"Mehsel, Z."
1e9ff18e-271e-47d1-93fd-dc2154dcf1bb,"Hamilton, R.W."
1eb2bc48-c9d2-42bc-8a4f-1ce3b0b91312,naouel Selmi
1eb2bc48-c9d2-42bc-8a4f-1ce3b0b91312,Naouel Selmi
1ebd4d08-e823-4b4c-8367-13215cc29030,"Bartik, M."
1edc8310-bace-46e5-aa3a-e550aef3b42d,"Byrd, B.F.; Banning, E.B."
1f1b3147-f059-4e4d-847e-176257c306e7,"Bartoccini, R."
1f4d3d4b-a0a6-4d50-9d02-7312d9b2c074,"Zertal, A"
1f576a46-760e-46f8-aa68-430b0ba55143,"Wilson, C."
1fa82a3b-a064-45cd-a17c-f65555e3b722,"Cuneo, A"
1fb9525e-8ec6-4a26-9d03-b8501b4bb267,"Tomasello, F."
1fed6d0c-e6d4-4260-b9a5-10913b2244a9,"Keinan, A."
1ff7e8bc-e9ab-43a6-a9fb-95899635539c,"al-Ansi, K."
202f23fe-e46e-4a3b-bebd-5ae0ee69a3f8,"Chesson, M.S. et al."
20315c09-1f2a-4769-9322-a5eae3feb4db,"Stanley Price, N. P."
204aea58-4812-4d6c-9742-549b01075af6,"Banks, R.E."
2078e97f-70d1-43d0-9556-337fbeed37e7,"Hingham, T."
20867926-b4bd-4cb8-bb16-fe911337f53b,"Newson, P."
20b50e99-ee14-4914-a3e6-566bf20e3bfd,"Klemm, D."
20b9aade-3176-4a71-8786-04060fb6bc3b,"Matsaert, F."
20dce2a1-b439-48a4-a485-6f6f2d8787de,"Zaatari, M."
20e5d7ba-b41d-4fe8-8739-a912778634e4,"Lewis, K."
20f7f162-316f-45b9-934a-fb42481957fb,"Robin, C."
210bdcb2-b10c-4df0-81b8-3a9807a9ec68,"Collon, D."
212c236e-fac9-4e14-912b-f85cbcf659c8,RT
214f5ca8-fbce-443c-a66b-e6853238c90e,"Maltzan, H. von"
21593ad2-4061-4e8d-b599-b45bc65ae978,"Raunig, W."
216cee7f-b726-42df-a6b5-19d688d1627d,"Bikoulis, P."
2174937c-cbff-4c40-9af9-6754d634be87,"Zaid, Z."
219819a6-d67f-419d-acfb-417574530162,"Sidell, J."
21a10144-1186-4015-a1aa-fbde6100ad3d,"Tsuboi, K."
21e79eac-8a18-47b8-a89d-d8adbe3cfcd2,"Macro, E."
22400645-5a61-461b-8607-3b7e85ce49f8,"Wendrich, W. Z."
22577a29-2c9e-41f8-8f0b-bbd0321a2fac,Ahmad Emrage
227f6daa-b011-4aa5-ac96-3bafc3671a33,"Linke, J."
22c9e7b8-0734-4c85-b01b-835957b0cdaf,Souad Gdouda
22cc9f19-3cff-4c7c-b5cc-0ab04058c7ad,Tell Sweyhat Survey/TJ Wilkinson
22de8def-3302-4da4-b666-396705e33065,"Kühne, I."
23054caa-0792-4af9-aea9-6620ba7d869b,"Hardy, S."
23274887-63f0-410a-860c-660b1e7d7aa9,"Cattani, M."
2327c0dc-76f1-49ea-b3d5-b9bc0de5bff2,"Patitucci, S."
2373a448-ea3e-4bd5-9d51-28f58daea77b,"Creswell, K.A.C."
23e2f2a7-e07b-479e-aea4-386ed86a3159,Nick Ray
23f7417d-d51b-4bc0-ac57-e126f19ee615,"Smith, L."
23fe7309-3ec1-4dd8-a04e-6479fa8ee021,"Bouchenaki, M."
24af2d01-0ab1-4248-bc25-c09783c8e020,"Sobott, R"
24c1fb48-5679-4949-b06e-070adabd5fe0,"Brogan, O."
24d87137-c81f-4f58-b121-247e01809e34,"Jamme, A."
24e1e517-8c6f-40a3-9174-c4951a68c24a,"Müller, W.W."
24ece010-841c-4b34-9571-d6d7354f1ed7,Andrea Zerbini
24ffbbc3-4f71-4dd9-af00-bf7d24cacd0e,Naili Abdallah
252a30a8-751b-4b0a-9cd0-42e17a6a1036,"Zagari, F."
2563dab6-7ba5-43b2-b78c-bb65759a9d67,"Reyes, A."
258e2056-499a-49b1-8116-350dcbd59830,Mauro Cremaschi
261dfc1d-8f07-4c92-9a50-d73275889342,"da Costa, K."
2680d1b0-589a-4861-b966-a5d8b25d89f5,"Knodell, A.R."
269185a0-dac9-4690-bd6b-516c425d784e,"Morin, T."
26eb61e5-7abd-44ce-918a-a58eb48f2686,"Glueck, N."
26eb61e5-7abd-44ce-918a-a58eb48f2686,N. Glueck
26f05111-dc53-4682-9de4-f963c28768cc,Mahr Hasan
2752ac1f-4f36-4bea-a673-ecd6c032b6f2,"Wheeler, M."
27615abc-4d73-438b-9b2b-a1258c4fc011,"Buffa, V."
27631ccf-949a-4480-8502-a6a601d275c2,"Bachielli, L."
27696c24-4077-42c9-89a2-fe7c151d1555,"Kersel, M. M."
277032ed-4b42-46b3-8d13-2c50526da66c,F. De Backer
2783aacb-b94c-49ed-b524-eff2ca5aa11e,"Kawatoko, M."
2783aacb-b94c-49ed-b524-eff2ca5aa11e,M. Kawatoko
27873b77-e5a7-4204-8a9c-ddda1b763d61,khansa Hannachi
27873b77-e5a7-4204-8a9c-ddda1b763d61,Khansa hannachi
27873b77-e5a7-4204-8a9c-ddda1b763d61,Khansa Hannachi
27905f51-47a1-4764-8a20-076a5842a308,"Clarke, J."
27b62a3b-faf5-427a-ae58-03ec20915e4a,"Maoz, U.Z."
27b71c83-bd68-49b8-9400-88a7f4f47987,"Polito, A."
28963c90-6d70-4494-9119-09d8b69aae12,"Meshorer, Y."
28e10db1-d39c-4a84-9048-efd4ca708cba,Sara Al Shammas
2909efea-c614-4483-9fcc-f5eae56081ff,"Gregory, S."
292aa066-bed6-4325-950d-6d39ec39a5c5,"Lawrence, T.E."
2941707b-84d3-4981-a964-f06690236f66,"Watzinger, C."
29586aba-7fba-45f4-876f-c0e7bceead96,Emhemed Alaskri
29895aa8-5113-4be9-9bfa-96b43db2ab15,"Patrich, J."
299a0800-fde8-470e-8325-ea79ca45a948,USGS
2a435e2b-6add-46ea-954c-4c1d5b34c1f3,"Kirchner, H."
2a833767-afbc-42fb-ac42-2d1c207f6cc6,DAAHL/JADIS
2aadd5ae-a151-4db6-8317-17c97637329d,Alem Beldados
2ac33f97-8bae-4c02-ad18-8303903181ca,"Groom, N."
2ad6155b-3928-494f-9fd8-724d64a523cf,"Lezine, A.-M."
2ada6603-9682-4eaf-bde6-e90044b3ba5d,"Rigot, J.-B."
2b1c1f77-7aa4-4327-ac16-a4d0d73901f2,H. Monchot
2b49ef26-5691-4aab-9dce-8f1c574b9d6a,Travis Peter Hearn
2b6bcb12-593f-4df1-9d63-76681b76e870,"Bartlett, J.R."
2b95eff2-1e67-4765-9b24-06a72f269a5a,"Glanzman, W.D."
2c0e4fa5-7a1d-4b8e-9f57-2aecb954b304,"Knauf, E. A."
2c284690-3065-485a-88ac-953cc75392ca,el Safadi
2c579c0b-28b0-4330-be38-3576d3309853,"Jasmine, J."
2d078eb3-863f-4ea1-98fa-807b641168ca,Ibrahim Hawamdeh
2d2a4218-db2c-4413-ad94-ad14d1606709,"Birrozzi, C."
2d3fa504-3d6e-4fe6-ac0d-8bd04f7b6efa,"Kennedy, David"
2d69afcf-8039-4b50-be36-1fac3a4e288b,"Lee, J.W."
2d7e707a-483c-4c63-8e66-81157dcc2dc8,"Ballet, P."
2ddb2d1b-b89b-4b76-9e8e-5ec7d3f53c7e,"Harris, W."
2def120a-035c-4cd5-bb7b-bca6fb207434,Lt. George Pascoe / John Winterburn
2e002238-843c-456d-b8d2-824ef6a108e7,Akkermans et al.
2e03c885-dbea-4fac-a0d2-760f34fa8da4,"Ilan, Z."
2e089441-6fec-4ba2-b63b-0463c6faad06,"Kennedy, D."
2e345f49-6a2d-41e5-91d4-fe178e0c4d73,Olof Pedersén
2e3ce169-8b05-4d93-bd2c-35871667fca5,"Crassard, Rémy"
2e54baeb-5f33-4e17-a22f-f462ce0214bb,"Procaccini, P."
2e953d06-ab2f-4d2f-9aaa-1df1a104417e,"Ali, C"
2eab0541-571e-4abc-a0f8-4b8f8ce1ba29,Alex symons
2eab0541-571e-4abc-a0f8-4b8f8ce1ba29,Alex Symons
2eab0541-571e-4abc-a0f8-4b8f8ce1ba29,ALex Symons
2ec5ac93-3bcc-43ca-9247-d94c52de10e9,Emma Cunliffe
2edaa377-aac3-4107-849b-fde094aa419d,"Gilibert, D."
2f8a7268-4b47-4c07-bd06-afdd300b70fd,"Schwartz, G.M."
2fb49fba-baac-4e2f-a70b-464f1ea035df,Faten Ali
2fc57b66-2cca-4917-a678-6bf58d32537a,"Radcliffe, F."
2fdb549a-1b7e-42fa-9f4e-69d6f07d09d3,"Degrassi, N."
3000604f-ff91-4037-a3f1-3b5c1ef77610,"Hertell, E."
301a5100-2059-4d77-9922-f3fef8b96833,UNESCO
30367cf4-b374-4f57-a3e1-efb0ebb4d786,"al-Malki, T."
308df7c5-17d4-48ae-803e-51831f5627f3,"al-Sheiba, A.H."
309d9bef-ce25-437f-88dc-df72eedc2109,Directorate General of Antiquities
30a8e090-7f55-4a7f-9d20-a7af6fe76b0f,G. Hoffmann
30ade53f-b5e6-4b5f-8988-0dc90fd51402,G. Palumbo
30ade53f-b5e6-4b5f-8988-0dc90fd51402,"Palumbo, G."
30ce0571-49f8-48ef-85fa-08194d8420fb,"Bossut, P."
30d428ee-81aa-4a34-9817-2f871bc61c89,"Deschamps, P."
30dde743-2cc4-4a38-b1b9-5f5665ff2bfc,"Adams (1981, 1972)"
313c88f0-3581-4731-a730-11b71a561150,"Crawford, H"
313e891c-306c-42b8-93cc-47add3308b04,"Zimmerman, P.C."
313f400f-cbed-457a-bdd4-99cce263eed8,"Henry, D. O."
3190b4c5-4e09-4513-bf85-e39612439a25,"Thébert, Y."
31ebe502-eaae-4de3-97d4-e51bdf53c163,"Clarke, G. W."
322cbe0f-7423-4308-90fa-368e20e31637,"Piccirillo, M."
3238903e-c5a4-4e63-ba25-beaef9c01812,"Caputo, G."
323c44c8-c0be-49dc-81d9-cf546120ee07,"Edwards, S."
323f6edd-543a-450b-8625-089f2ac44450,"Seigne, J."
3241f7b3-fecc-43f5-88ef-1d70a9440f89,"Abu Jayyab, K."
326a743e-8680-49bf-b7c5-5fcc3abe72af,"Janetski, J.C."
329dfc81-d447-4fdb-8b8d-eff2e7e1e3f1,French Archaeological Mission in the Jawf-Hadramawt - Makaynūn 2003
32b49c56-1317-4dce-9ad4-e3749943c904,Manel Chaari
32e72853-7696-404b-ac41-3ae46f575b21,"Zaid, Zaydoon"
33036b6d-95d4-485f-9b35-3ce3375f5fa9,"Buffa, Vittoria"
33141baa-8cd2-48a6-a518-fbda7cad004d,"Neville, M.J."
332791f3-51c9-4932-93e9-b656c08c1854,"Marti, K."
33737248-af48-4f88-a072-005454a56e20,"White, J. J."
337b91f8-db6c-48e2-b128-4ab1d9a36397,"Shahid, I."
33a3901e-ba5e-47e9-a45f-b7168fe84330,"Serjeant, R.B."
340960cd-fe60-456d-aeb3-fd929b54f314,Ayob Hesen
34379d15-f69d-4529-8d53-622582108464,"Ajlouni, F."
34567a49-29ab-495f-ac1a-c6c4ef5097e2,"Palmer, C."
347b8ad9-d9bb-45db-8d25-cf5c3ac5bca9,V. Blin
34bd71bd-e19d-47f3-9399-9dcf6703d440,"Perowne, S."
34c37ad5-e2a2-4152-bdca-42ba6ff619f8,"Daly, P."
34c622bb-6e71-496c-99b5-9679c07b7d65,Francesca Radcliffe
34d49b1d-35ae-4dc4-8086-810e0d31d459,Henry T. Wright
34f3bf58-aa14-4ab1-8d2f-52ceb9dd131a,DGAM Experts Team
351b56f1-628c-429c-bbcd-3deec068423c,Julia Nikolaus
359030cc-e717-404a-bc21-446cd8da544e,"Danti, M"
35cd1ef8-b9b6-46c0-a328-47ab40a56dc1,"Torró, J."
35df4787-539a-420a-9149-b1f6e21feb71,"al-Garoo, A."
35e3b6ed-c9b3-4565-aa95-fe50b7c65ecb,"Dalton, M.N."
35f297a4-2d64-4fc8-97e9-76ccc2aa510a,DEIMOS Imaging
35f34ba6-f345-4323-8370-adeaf46d17b2,Fiema 2012
361c056b-17de-4579-b6c3-8e02126d6320,"Demange, F."
365f9992-93d8-44c8-ad08-a57784ab158c,Malihah Chamany
3666f77a-2361-4822-8dd5-b234d1f24388,"Sanabani, A."
366704f0-fc0b-476d-b696-8a328e43ba7e,Mohamed
367c08fe-de3d-46e2-bdfc-edbea95152b6,"Al-Azm, A"
3688fcc9-54ce-4a62-ab86-1e88a2bae400,Bonar. H.
36d6faa5-677e-4aef-b2fc-a847827cc288,P.-H. Gisgard
36d75a91-f91b-49ce-9088-0ce23294a4f8,"Nixon, C. E. V."
36f02a65-a84f-46c1-9a4d-3cdd42fb1cbd,"Boccardi, G"
3710a9e5-f2d3-437b-a983-448e5e1ce733,"Petersen, L."
3735b803-a008-49df-bd27-591768194c1b,"Fujii, S."
373783f4-982f-4e40-b324-8cfe50374796,Terra Bella
373c7433-fd2f-42de-8067-a9714256dc99,Charlotte Faiers
37805040-3e12-419e-a685-c8579ddb9183,"Sola-Solé, J.M."
37845b8b-c182-4b72-975c-37ec5c0d64aa,"Yasin, J."
37e97c28-b6f1-4fcd-8d21-bde73b6807b3,"Schroeder, B."
3809521b-306c-46dd-bc1f-67064928e20f,"Phillips, Carl"
3819e44f-9b00-49f0-ae79-247ffd2999e0,Ahmed Buzaian
382ab850-f4ae-4f90-93bf-65045f1cc751,"Sion, O."
38583af7-cb32-4d0c-a8fe-a0ba40f928ed,"Vinogradov, A."
388ba88b-925a-4f52-8acf-35fe42357fb7,"Kitchener, H.H."
38e0bd14-3659-4956-9d3f-2115d36ff0db,Anas Hammad
38e6dae3-67e4-44a1-9b08-36282f392f3d,"Edens, Ch."
39198f44-16ef-48b2-8c75-59324403c634,"Mordtmann, J. H."
39460ca9-7826-4439-a6c9-35b6ef4dbed1,Bethan Morgan
3946a581-9c94-49da-a346-040df6569859,Michael Bishop
39679ace-c50e-4cef-8804-179bc84ca211,"Wren, K."
398b9715-9479-46bb-b442-08d4af12b853,Zeidan Kafafi
398f2268-db05-4794-8335-a65b4b2da39d,"Poidebard, A."
39dc2708-806a-419c-aefc-41923a07238a,"Creighton, O."
3a05e3f7-aa55-4a25-8c99-6a576124d18c,Mouna Hermassi
3a1300fd-2165-4e1b-a63d-b73dd05bf85b,"Curvers, H."
3a594af0-9479-4f05-b2b7-d8a92c21e379,"Seaton, P. L."
3a8eb0f1-20bb-45e3-b2f8-c0571e1937d5,"Koufopoulos, P."
3b542d9e-b54c-4646-9ed4-a6ac120182b8,"Tuttle, C."
3b591433-5ded-4590-b590-f7fc6880b0b2,"McKay, J."
3b60e71a-a940-4fd2-8907-8b8f95f544f3,houcine hechmi
3b60e71a-a940-4fd2-8907-8b8f95f544f3,Houcine Hechmi
3bc2a4f8-9875-446e-ae76-2e76ae92f31e,Douglas K.
3bc63ebb-6d9b-41d9-ae9a-a4bc8b4e3a91,"Sear, F."
3bcf31f6-76f2-44ec-aeab-acbd3820303a,"Penacho, S."
3c04905b-2200-45dd-a9d3-f0e9509740c9,"Nöldecke, A."
3c099968-e7d0-4f77-9b58-1c376e76a20d,"Walther, A."
3c7129c4-d5ce-4ed8-ad53-b5db26489610,"Schurr, M."
3c8c008d-6b1e-4fed-83e5-215de2628630,F. Lesguer
3c8d3131-471f-474f-934c-c6f98304f089,SPOT
3c91e2ec-d24f-46bc-99a9-228a1292c1d6,Mohamed Rtimi
3c92dcac-a768-4ab4-a34d-a41262303706,"Di Vita, A."
3cbb5820-6a48-4d91-bbbe-f96ea73a94d0,"Muhesen, S."
3ce94602-e461-4a8a-923b-73b0aec1e2fa,"da Poggibonsi, N."
3d229ea8-7580-409e-8c25-dfed2b4b90ab,"Franken, H.J."
3d2d2692-edb7-457d-a2d2-de85c16dca86,H. Renel
3d504092-953e-49fc-acfc-c7649de9f3e7,Abdullah Al Bawareed
3d7474b8-b474-420a-b7bf-b9ba20e95b9a,"Leschke, C."
3db84ff6-2731-4a03-b0a2-501d19b0e1f2,"Sinibaldi, M."
3dd5c3a5-6478-4b67-8529-94e44c807306,"Bocancea, E."
3dda8506-41f3-4a52-9937-7c7701b6de0d,R. Tokunaga
3dfb31c4-213e-4393-bdcd-71533417a9bb,Sonia Slim
3e27a51c-d023-419c-a3aa-dba8355f641c,"Pieri, D."
3e69fa55-b9a8-4e11-aa00-3ec03ae90a7c,"Alcock, S.E."
3e6dfe10-e7aa-4302-8aca-d9e3e5c26bff,5Jennifer Williams toJennifer Williams00
3eacef91-d87a-4e84-9c9a-238d02322d9a,"Harrell, J.A."
3ed99e57-f477-43ca-83b4-60e78bf5fd72,Gourgen Davtian
3ef8ff7f-d38e-436e-adbc-a52b8205d57c,Wael Abu Azizeh
3f250c5c-616f-49a9-adb7-82d3e51a7630,"Klein, R.G., Scott, K."
3f310dab-740e-486e-a6ef-800444e9827d,"Akkermans, P. M. M. G."
3f7a157b-3822-4ff0-8b89-4d11a5d63937,"Mallory-Greenough, L. Greenough, J. D."
3f96f008-c0e5-4798-ad0f-c1f1f08d4c41,"Rodionov, M."
3f99050f-861d-4690-9153-a134b12220f1,"Robin, Ch.J."
3f9a286b-5079-4056-9bd9-7582ee672b59,"Becker, Helmut"
3fa29b13-6099-4a98-9c94-8385d8345457,"Mouterde René, Poidebard Antoine"
3fadf7cf-c1b7-4930-ab93-3c6ac829a29b,Land of Carchemish Project/TJ Wilkinson
3fd760b3-3663-4afa-8e82-aaa50103f078,"Mori, F."
4074f49d-73b6-4a1e-b4fa-639c98ed8e4f,"Oates, J."
4098cc89-2e53-4ffc-afa4-9c15cf4ce32d,L.A. Khalil
40bce3b1-e2ca-44a5-8cf5-3f15d17605cb,"Lewcock, R."
40c71fac-f606-412f-8f52-bd4e81bcd0d9,karima
410419b0-016d-46c6-b2c3-d5ae72c9f2f2,"Pederson, W"
4149a652-7100-4cf0-8f5d-b76bd5b83820,"Blue, L."
4149a652-7100-4cf0-8f5d-b76bd5b83820,L. Blue
417621b9-53dd-4177-8116-b124dae4d804,"Franklin, G."
4190d927-8b89-4f09-b7ba-b2624b7101b6,"Abeles, T."
41c1a7f4-8150-4d3d-824a-3d3a3b790e96,Mirko Novák
41e60cc7-fd26-489a-8ba8-5e901f8458a6,"Toplyn, M.R."
41feea68-f766-437d-b318-83bf79f6fd7b,"McKenzie, J.S."
42001642-714b-4fce-80df-2d93beeffe59,"Arramond, J.-Cl."
423f7f0b-467b-42e6-9c3d-0d42862e2c37,"Piera, A."
42434bec-bc51-4f3a-a819-125e5e23a8e3,J. Lund
42a9baed-b256-454b-ad66-76e4d706e467,"Tellier, E."
42dfeedf-b678-45f7-bc79-5547e6b7cc2b,"Becker, H."
42f23234-0abf-4c23-b076-eef0de181e9f,"Trousset, P."
43034282-4bef-4965-9718-60e3f034ff51,Ministry of Information
43078466-fc98-4dd4-843f-a30c9b3792a4,"Gilberston, D."
432a8a7a-2603-4b61-8725-fd8aa0f19f35,Institut français du Proche-Orient
433b5d5b-0526-49ee-bf7d-3eceb3ed54f5,M. Kervran
43518421-dd4a-460d-aba9-af662ec8256b,"Frierman, J.D."
437db8cc-cfc9-4943-8f56-010e48d1765a,Lehmann 2002
4388d101-0788-4f6e-a4a0-17231362750a,"Chambrade, M.-L."
438d37e1-1d20-4b90-a0b0-f47e33adfc53,A. Rougeulle
438d37e1-1d20-4b90-a0b0-f47e33adfc53,"Rougeulle, A."
43eb13a5-9399-44d1-83e4-dd194aa7b12b,"Pieńkowska, A"
43f5ff34-c1ac-45bc-959f-4b39c54571bb,"Sparks, R. T."
44204978-1841-4149-a020-57b85bc4d3db,"Brown, W.L."
443d275b-b7a6-4367-80a6-f442c0dd3588,Stafford Eamon Smith
4464e260-f965-4612-abf5-4d458a8ca7fd,Kieran Westley
449911e1-efaf-40ca-9dd3-9fc07ca79e8d,"Astour, M.C."
450c321f-521b-46d0-89f1-01ff3bb02855,N.S. Al Jahwari
45719967-00a8-49d1-8195-f548f12a2a65,Robert M. Adams
457d3aa9-a911-49ee-942b-388d0d951b01,"Rossi, I."
4614e068-2d0d-42ea-8401-347930b90cee,"Parrinello, A.E."
4641bd07-d8a6-41cb-99ce-a5f8bdb4d7b5,"Johnson, S.E."
469c2b89-4f30-45a2-962b-5c8721e7326b,Sumio Fujii
46a6abb5-d723-45df-afdb-673f787670f8,Ahmad Lash
46c53773-7c31-4468-a652-54b9b19abe17,"Storemyr, P."
46d14678-5587-483e-a0e9-801d1f9ce588,Asherf Zurgani
46f8cd5f-2bb8-4459-887d-e2d099fca803,"McKenzie, J."
46fa3cb0-2e2c-426a-b157-189b48d6fc2a,"Cleuziou, S. (director)"
471fcc27-1a90-4d96-b5f2-dc464aba3ea7,Russell Adams
4764f6bd-bc2b-4a60-b095-114fed6158e2,Mohamed Kenawi
479d5646-bcdc-45e6-bc91-239fbfd761e1,"Knauf, E.A."
47bb239c-6076-4820-aa5e-45f3a50e2869,"Rhodes, D."
47da6499-83d5-4dcd-b22b-4e6aee23e387,"Arimatsu, Y."
47fff69e-afe7-401e-a380-c1a32026c144,"Höfner, M."
481dc681-4a5b-47a2-aeca-a3ce2872f1ab,"King, G.R.G."
4835e6cf-20d7-4197-a3db-6818fcb3f62d,Azadeh Vafadari
48eb3631-c5a4-4c54-be0f-7491b3bf641f,Kevin McDonald
48ed2b84-030c-4013-8333-c4278d40f684,"Prickett, M."
491a6b53-990c-4c3e-a181-506ec3bcaf7d,"al-Azm, A."
491a6b53-990c-4c3e-a181-506ec3bcaf7d,"Al-Azm, A."
49319eba-e923-47ba-aa9f-674a7f0f4071,Great Arab Revolt Project
4931b8be-8693-482c-9a84-484d23ae8d57,Beatrice De Cardi
49430d3b-e960-4259-a19b-786963cc61a4,"Savage, T."
499012bf-97e8-4f88-b111-0930acb30b1b,Denis Genequand
49abf23c-f996-469f-a581-18e983b41d4b,"Smith, S. L."
49c477fc-0d06-4ab8-9c7b-1cc38b6da520,"Bishop, M.C."
49c4ad5f-5c7c-4fde-9321-d91f428863d8,"Zawahira, M."
49e9172b-342f-4348-a182-cd564608139f,Damour Maritime Survey: Honor Frost Foundation and DGA
49ef1049-683e-4706-9898-069d835cc8aa,"Caton-Thompson, G."
49fba3f7-4f1e-4335-9dca-c0e03ebd6260,"Grolier, M.J."
4a0297c3-760f-4342-abbe-c1f267594a8b,CORONA
4a48b85b-e763-4d68-8106-b43e454c7810,"Bennett, C.-M."
4a771f4f-ad85-478e-8459-cca7746a474a,"Settlement and Landscape in the Homs Region, Syria Project"
4a7b3a7f-6eb8-4293-b56b-53bb412fec30,"Agostini, A."
4a8e43a1-84a2-4f18-b30b-98740b892768,unknown
4a8e43a1-84a2-4f18-b30b-98740b892768,Unknown
4aa705e5-e1be-4c7c-b323-68c531c69952,"Fenwick, C."
4ab985b0-3b5a-43eb-9713-f40a4f78c725,"Chaaya, A."
4af96406-2299-48a8-afc7-db7f3269329b,"Garstang, J.; Garstang, J.E.B."
4b26a5a5-be19-4b75-b788-578f8a623407,Habir et al
4b4045ae-59ea-43fd-8705-6157fdee6e51,"Maini, E."
4bcd6004-f2f3-4eca-ac40-b544f3e6ab2a,"Abou-Hamed, M."
4cb4c0e6-b0ca-44bf-9972-b4ae2fb90ce9,"Pyke, G."
4d33d3af-d884-4287-8c8f-15858859750a,BBC
4d4d2d26-3d88-40c7-8ed6-7c424c3f3a4e,"Survey: Schiettecatte, J."
4d805758-54c9-453a-8a5e-5c9b76c23509,"Wilkinson, K."
4daaafc6-ad3e-44a8-893b-534066dd2a2b,"Francaviglia, V."
4deaca6c-821a-4cbb-9144-6e86db62a1f5,"Stein, A."
4e049fe4-b2b0-44a5-9489-7e78b06cf5fe,"Warburton, D.A."
4e103ff7-5ae7-4f4c-8ea3-46234e46a600,"Crowe, Y."
4e1f5435-78d6-4f76-8c72-afdfef07c7ac,Manar al-Athar
4e41b62a-331e-4ac8-98ca-d4511dee544b,"Inizan, M.L."
4e564b80-96ad-480a-a6d4-81f1939b6f1b,"Goodale, N."
4ebe1a98-45bb-4ad5-940c-42c39b4799d2,Moaad Zarrug
4ed424f1-58e4-4c68-81f2-99adee0b83c8,"Bauer, H. A."
4ee47e3e-ef25-4f6e-a0ac-37f0402ac111,"Medori, L."
4ef2a672-6560-4c65-ad35-3089d88f9ec2,Frances Pinnock
4f82c4cb-c0ca-405a-8f6f-4413ecb10e34,"Pococke, R."
4f9081b5-903c-4792-9576-abdea0f1b87b,Eleanor Blackwood
4fb73653-b74b-474a-987e-4cdc92deb2f8,"Matthiae, P."
4fbf2b72-2249-499f-a673-eb0574b16c30,1
4fdb207a-d0b7-4195-9bf5-da7b7c2c4a9c,"Wellsted, J."
4fee23c0-f11c-4c2f-8ef9-677a905414e2,"Potts, D T"
508232d9-6ea3-491b-ac04-9b11aa0c0f6d,"Wade, R."
508272a9-ca38-4818-ab20-fce9db73d25c,"Kassir, S."
50d16349-d477-4cd3-b22c-7efdc6fa1e7a,D. Hull
50d5313a-a25c-4300-8868-99ee4d4c2d74,"Müller, J.M."
50d5337e-bfda-4940-a596-5851491de95c,"Avanzini, A."
51422137-f244-470b-9817-252b7cbaa896,"Lankester Harding, G."
51472639-1413-4bfd-a2aa-ab8702ebb8eb,"De Palma, G."
518721e7-7ba9-4ce4-ab4e-9b54aa40b8ba,"Maigret, A. de, Bulgarelli, G.M. Fedele, F.G. Marcolongo, B. Scerrato, U. Ventrone, G."
51886962-c672-4509-9a84-59b7a3d6225c,"Gross, A."
51d33304-0ef9-4f16-8431-12bcfd5d9400,"Kafafi, Z.A."
51e2fed2-2e6b-47ed-a880-83e474cb800b,WARD (Water Resources & Development Co. S.a.r.l)
51f5f199-4133-4ed3-8ba6-e5e51a6e5f81,"Ali, C."
521f6021-72b5-4c3f-914d-80faeca7d02e,"Tindel, Raymond, D."
528d1dad-a190-4792-a54a-f71827e1beef,"Bron, F."
52b78627-df43-440e-9ef2-42287724fb88,"Keall, E.J."
52d16b35-a56a-4664-9ed4-ebfab0717538,"Teneishivili, T."
52eed4a9-18e9-4b1f-98c1-bcdbd42b7ebd,Paola Sconzo and Francesca Simi
5300a481-a8bd-46ba-916c-82b30a174601,"Erickson-Gini, T."
53119677-f4c3-4256-9b18-02b88e0a103f,State Party of Petra
532a14e3-8e46-4a2f-a996-73bf8a2fde8f,Maher Alamreen
5336cabf-6c3d-4b6d-a2e7-4b84a9c4970b,"Röring, N."
5357cd9f-ca3d-4a3f-b907-b6a2e0a333fd,"Kouki, P."
53831962-7f15-4d65-94e5-2432024c384c,J. Owen
53c244f4-bb3b-476c-9769-a81f1566835e,"Breen, C."
53c65d71-29eb-498c-b5c8-580b1917374c,NGA GeoNames
53ed1f2e-c874-480b-97fc-5a995d4d9637,"Boas, A.J."
541f77d2-d4e9-419d-b9d6-cd1cba5636b8,"Marinelli, G."
542a74ff-e222-409e-a6fc-6b78f6e2e77e,"Noman, K."
542c525a-00c9-4d06-97fd-7cadba26762c,"Rice, M"
544a0d83-10fd-4747-a0ee-179ffb2c9dd5,"Pritchard, J.B."
545e7cb4-0519-419b-b12a-686a45b38f9e,"Hachlili, R."
5473c530-c7b9-405f-8e1a-3168dca0540c,Mohamad Kharabsheh
54974eaf-31b1-4689-86cf-d455cec8d4be,"Smith, E."
54a5892b-cf95-4d45-8ca8-5e8251ee772e,"Gibbs, K."
54ae9356-2fb7-4533-b581-285336cb4976,"Vickers, M."
54d8d757-269a-48c5-a538-c5a5c5ba10df,"Drine, A."
54da7906-05f3-4f44-891a-b8afad5e36af,"Nashef, K."
54ea30f1-6503-4776-9c49-2b77c6e719bc,"Pirie, A."
551c3e83-aadd-4271-acd0-0e38c2520f55,"Baramki, D.C."
553572f9-3219-47e2-aca1-54f08ef968a6,P.J. Riis
5546a79b-06a6-453e-b536-2fa2081e9e10,"Avi-Yonah, M."
560d6974-3919-41e4-a1c8-c11204911085,"Gibson (1972), Adams (1972)"
560fdcc8-52a0-44c2-a767-53482e2ec33d,"Peacock, D."
562173fb-d114-439a-a71c-279dfdc169c7,"Bāfaqīh, A."
5630719a-6574-400b-b3f0-0c318c958fea,"Arpin, T."
564dbbe4-7a0c-4953-8e98-5d6ec4b9ce6e,"Guillaud, H."
56c0c13b-0a0f-4386-9486-6c33d08d1986,Bob Bewley
56cc1452-fe02-492f-8527-df88a1bb7547,"Lederman, Z."
56d038e0-558c-411b-b5d9-cd6050f7e52f,"Rérolle, C."
56d27032-0b4b-48cc-8487-0ff518c4d386,"Bienkowski, P."
57436c3e-7c88-4faa-937f-fbddaf625fb4,Bilal Kamoon
575f9b09-5f9f-4b01-bc9d-7890badfaecb,Mohammad Mansour
577477a1-4c93-456f-885d-c8c5a634ddc6,"Kirsch, L."
57760d9d-0a60-48ee-afab-bb4a02ac77b7,"Harper, H.A."
578f0859-f574-46cf-82fd-23ddea2da90a,"Hardy-Guilbert, C."
5797d568-3070-428a-9655-68059ceb8454,"Rohweder, Jørgen"
579fdb16-6052-480c-97c3-a07ef3e034e6,Jennifer Williams
57bbf8e1-95c9-4d7f-9598-3ab25ed14b0f,A. Rizzo
57bf42c1-64bb-4294-8073-6a0aef939683,Mohamed Haouas
58567e1c-108e-4920-9eb5-ca2c0d72b05b,"Maher, L."
587a36ea-ce1a-462e-9c66-5b9de4df278d,T. Riis
58a44b4a-2c74-46f8-911e-1185183b3988,WorldView
58a4ba22-de72-4688-8f6f-ecefd36a601d,Royal Air Force (RAF)
58e40772-7587-4334-b2b2-dc4780382fc3,"Stephan, H."
58e94f8b-49d1-4812-a26e-fc7a1a447ed0,"Alcock, S."
58eb07bb-ddb4-4b6e-8c0d-8b413c1d14f3,Institut du Monde Arabe
58f6772d-b64c-4b72-8ffc-8d7e5918e04a,"Comer, D.C."
58fbc56e-0057-4ac8-91d3-475d1cb2cd82,"Withcomb, D."
5906e479-79fe-49df-baf5-9d94cb4e3f58,"Nikolaus, J."
590e1788-f1da-41e4-afd9-3db2ea718ce7,"Dauge, V."
5954393c-72e2-4d27-8fa6-6ac93db0f698,"Oates, D."
597e2a14-b11f-41b1-9593-9c01f9dca2e4,"Boyer, D.D."
5a0783bb-350a-4fd5-adf6-a9410b966871,"Infranca, G.C."
5a0e4a95-da4b-435c-96f7-f48b209bd0d4,"Danti, M.D."
5a2b6321-06ec-4b12-b975-5eae41a3c718,"Piwonka, W."
5a36a48b-829c-4b11-8537-0d808621fe28,Ahmed Buzaian; Ahmed Emrage
5acb3d3e-826e-4adb-b9e0-a402a6742009,"Wagner, E."
5acc28e0-56fb-4190-86f7-e3590c85ddc4,Gary Rollefson
5b2a0069-4479-4815-bd72-ce89ef643fa8,High
5b5fd36d-cc02-4dcf-b49c-577833a935dd,Wright (1981)
5b828550-b4e3-4a5e-a2db-04ec04fbfc2b,"Balty, Janine"
5b88150c-4418-4489-9533-48f76dd5c5bd,A. Ghidoni
5b88f213-482c-472b-b004-c051fbb9c001,Letty ten Harkel
5b88f213-482c-472b-b004-c051fbb9c001,Letty Ten Harkel
5b969df7-a762-4b44-9d15-0bd8f4a34c22,E. Badel
5bc25761-cf35-4350-b0cd-002b8c813d64,Martin Sterry
5bda71a1-dd05-4109-9b06-65bcb818978c,"Clark, G.A."
5c25920f-ee40-4721-b483-674c62c4d927,"Weber, M."
5c28f861-7d81-4fbb-a964-1d62f7427d42,"Radt, W."
5c3fbad6-4ffb-4d9d-8c85-762e22ec201c,Mosul Dam Reservoir Survey Map
5cad37dd-4d77-4d25-a19e-526986c52e4f,Armineh Marghussian
5cdb1487-df61-4b6a-a172-958d4cc4e527,"Federlin, J.L."
5d13babc-bf4a-4c22-b286-abec2315f072,"Frohliche, B."
5d28f9e1-4481-4914-91a3-0d13494e11b4,U.S. Central Command
5d5ca638-5635-4595-ad3e-6806ba05b45e,"Beeston, A.F.L."
5d5dfac1-f472-46cc-a436-8d0a4079fe59,"Peacock, A."
5d7cbd49-2d7a-4f2f-9807-8cb15818e0b9,"Douglas, K."
5d87f1b0-ceab-4369-82e7-e8b5709d1aa3,"Mahyûb, Ghaleb, Ahmad"
5d90638f-6fb8-4d64-b70c-0df90e46560d,"Audouin, R."
5dc5b901-e3d4-4c53-97fc-02dc1484bf5a,"Slim, L."
5dc6e5e6-1f98-4732-9fb5-b7a6a5e42c79,Bashar Hasan
5e427538-d943-4c05-b70e-00f035cf3efd,"Duveyrier, H."
5e609929-9eb8-4a85-9c06-4e258baaa6e0,"Burge, K"
5e8128f4-01fc-451a-a82e-10e35525dd27,"Smith, S.E."
5e877993-cea2-4fde-913f-1e0330d08b4b,"Zaccara, D."
5ed29bb8-2dd7-4e23-9ca2-56c86a60029f,"Brunner, U."
5ee5916c-7fe5-41c6-a660-0417b5cc796f,"Weisgerber, G."
5f347b71-0a62-47d7-8fdc-3e910d25312e,Mohamed Elawaad
5f527fc0-3a00-44d2-a75e-91c933089be4,G.D. Pratico
5fe95373-bb03-489b-9d97-abe6f7028d79,"Benech, Christophe"
60097680-0c07-4f91-a076-7a30b390e60f,Georgia Andreou
602bd4af-0aa3-4a9b-b9c1-ec8c2a69be63,R. Eichmann
604faa41-9b01-4543-961e-0c90a4c50f96,"Holod, R."
6052b12f-f271-4496-a150-6a939cbdeb06,"Hambury-Tenison, J.W."
606d26b2-08d9-43ea-9e1f-c3b2889e0a61,Hanaa Mohamed
60a48ac4-0640-45fc-945f-57b3ee782481,"Williams,J."
60a9944a-e04e-4793-8c93-69040f80b9f5,"al-Hajj, Kh."
60c32e03-8c26-4c48-a47d-e55f5e29ee4f,"Moretti, C."
60ce46fc-45cb-41b1-a72c-5fe831d72e95,Leonor Mozo Alonso
60d53148-430b-4d87-9468-acfad911e919,Hela Mekki
6109d715-f097-408a-9b65-e4c5cf759161,"Tindel, R. D."
6116affe-7cdf-40eb-b52c-f44cca4a5e6f,David King
618df969-4c6f-4b0c-a5da-0584aaa1b9b3,"Bar-Nathan, R."
6292a10a-d114-424a-8fdd-33b2126a44f0,"Flohr,. P."
629dcde6-f6c3-4198-bc91-c35fee4af8bd,"McLaren, P. B."
62f68526-aed0-482a-8df4-f77cac6ae000,"Van der Meulen, D."
62ff7b5c-98c9-4b53-a408-f53567cbe673,"Barnes Gordon, L"
63178916-c8df-46f0-9dfc-38a48084c67a,E. Staples
638f0131-d701-42fa-adc6-1cfc2e73b89e,"Taha, H."
640165c4-4916-48f2-9c67-9b5f1309e461,"Ritter, C."
64445c9b-68b5-4995-aa9a-e8d5a53ade33,"Benedikova, L."
6446b6aa-942e-486e-9fc1-e70d1b7e7d5b,"Goodchild, R.G."
64607002-d905-4f23-9a88-6e82510891f6,"Falahat, H."
6473a63b-17ce-46b9-b344-f21c1e4a10e9,"Qaisi, N."
64770dc8-1bc1-4a46-9a46-151937cf7aed,"Wasse, A."
65262b2b-e908-4e7f-ad9e-72392fbdcb29,Wikipedia
6530e639-1e66-4b2a-83c6-445f20818bb3,Vanishing  Landscapes Project
6532b7bc-e268-49ce-b1f8-112740cf1676,"Sabatini, F."
654f638b-0295-477e-aa31-63cf38178424,"Marcolongo, B."
655b2395-9b5e-4b78-b6d5-f7300a353d47,Shatha Mubaideen
65a1216d-8180-42d1-9b7a-c6fab19a2cc2,"Barret, M."
65ae4916-f45a-4d19-a224-9cd0ae231103,Riadh Smari
65c85cc0-7e7f-4c12-be7a-b7108c3df080,Bothaina Gargoum
65d3de2f-10c7-4d48-b9cc-1a91eecc4659,"Helms, S."
66172e81-2ea5-4eb5-bf31-8557614aa592,"Kjærum, P"
661cf413-cff5-415a-90a1-4470157c2137,"Hennessy, J.B."
6638fdfa-ae65-42d8-9cf6-5e7a27ee997e,"Ateya, B."
669f81cf-c797-41a6-bf5b-3cd8b82236a6,"Boland, P."
66f0a3d2-a917-4461-ad36-988ed01d5bff,"Köhler-Rollefson, I."
6700745e-0ef8-4472-97e9-f6de5b44fd14,"Munoz, O."
6700745e-0ef8-4472-97e9-f6de5b44fd14,O. Munoz
6750ee9e-8989-491b-91c8-aaecd7e7ba6a,Sophie Tews
67e74459-1082-4bf0-8e89-33f7e6148158,"Barnard, H."
67fe86c5-0919-4174-9ac8-8f168b60c083,2020airbus
680cc891-2f49-4efb-a81f-6bcbafa5372b,"Fowden, G."
68173330-08dc-4c05-95a6-0c77a766617e,"Sukenik, E.L."
682fb4b1-8861-4d25-b904-cabbd6cd91fd,"Fipke, C."
69035df9-7a02-4b40-96e2-bf8168917b1f,Simmons et al.
6908a7b7-1f20-44b5-9304-54823dfce9e5,F. San Basilio
693d7ff1-bc83-490e-bd4e-6e2f8d9c2966,"Hunt, C."
69733cea-36b7-4fd0-97cd-240050d2d4ab,Geoeye
69733cea-36b7-4fd0-97cd-240050d2d4ab,GeoEye
697a3ca1-f3f7-468b-8501-dc4d17d545b9,"Greenberg, R."
698954d5-60d5-45a5-a534-2426925d50f4,Ahmad Daas
698dd124-c567-40c4-bb78-d26af2e95cf8,"Fiema, Z.T."
69d4b161-3b6f-44d5-9205-66e8c44e3efe,"Osborn, H."
69ed7f7e-b71e-4b51-8ed5-3c040b9fa2b2,"Eames, S."
6a2b6619-b87f-4a0a-b344-8cf977879271,"Nieling, J."
6ace09ef-ddba-4709-87b1-9b4094eebad6,A. Vernet
6aebe909-f3f2-468e-97bb-d0d48a37a093,"Sheldrick, N"
6af0dbbc-8608-454f-9f68-8a24ed321c0e,David Insall
6af20510-f3d0-460f-8a02-9f60ab1a7131,Italian Agency for Development Cooperation Lebanon and Syria
6b080868-f8c8-457a-a9e6-af275a99ec4b,"Shams, A."
6b16ff49-56ce-4bb4-ad2a-12f3f35706f0,Henry et al.
6b5813bb-82f6-4481-9c5e-e6da6214983b,"Augustinović, A."
6b76b9d3-3f75-404d-ba16-372a431b57a5,"Director: Gajda, I."
6bb83c63-4ced-4e8b-870f-6427f2ef19e6,"Roler Durand, K."
6c059161-5f9d-480e-be9c-27f61df383cc,D.E. Angelucci
6c71077b-4b7a-465e-91df-254ff4723828,Lindner et al. 1990
6ca3e7cd-38c7-4ab8-a738-401760bbf848,Dana salameen
6ca3e7cd-38c7-4ab8-a738-401760bbf848,Dana Salameen
6cace224-be33-4678-98e6-502b306f554e,"Skeels, F."
6d19fb59-7b54-4bb2-94ed-63cfed2d4da7,"Director: Rougeulle, A."
6d393dad-7e39-44aa-968b-ef53f61deff9,"Akrawi, A."
6da42f23-cbec-4b5c-bf4d-95b9977ff04a,"Akasheh, T."
6dbdf3c0-8ae7-4daa-8ae0-fb33a8aa2d19,Trust for African Rock Art (TARA)
6dc7590a-c647-499c-a904-3561a1b66458,"Robinson, E."
6dcd59bc-97f5-459f-8152-2ac6ad301714,"Rhodokanakis, N."
6dea4e97-21f2-4f6f-8d46-e678cf234bd0,"Linnamae, U."
6df2dea5-a1c4-405a-9257-1cbd56495e01,M. Tosi
6df2dea5-a1c4-405a-9257-1cbd56495e01,"Tosi, M."
6e01a4d6-dd82-40e5-aca3-147053c01119,Chiara Fiaccavento
6e3d46c9-c645-4b36-b964-fb9b7d9632e5,"Pariselle, C."
6e4f19a2-8392-4016-b9f6-ef5dee45ae68,Gebel and Starck 1985
6e6e4204-2d52-409a-8b1d-1860f81aed7b,"Eshel, H."
6e87fe37-f551-4f8b-b039-404c01fcfe14,"Heckes, J."
6ea10a97-719e-44e2-8068-8f4e1f6e9a51,I. Béguier
6efccd0c-7075-4911-a18e-7cf02fcb4452,"Valdes Pereiro, C."
6f009ab7-fc89-44d9-85ca-bbb1a21eece3,"Inizan, M.-L."
6f2b6829-adb7-468b-9881-589faefd436c,Hiruy Daniel
6f36b7d6-1a84-4a8c-976d-cc72f390730e,"ʿAbdallah, Y."
6f38e6e7-7c58-481c-b91e-507b7cb607ad,Rodrigo Ortiz
6f3c0b93-62c9-46f6-8cb1-309cbda44853,"Catanzariti, A."
70053cb0-523a-462c-8805-98aeb0b7898a,"Kalman, Y."
70545fb0-6963-4001-9519-b103837d2dda,"Calvet, Y"
7088d686-62b2-433e-835d-205bd0483256,rabiem22
70adec6c-ce9c-4a48-ad84-4c96dd34319e,kristen Hopper
70adec6c-ce9c-4a48-ad84-4c96dd34319e,Kristen Hopper
70cff684-e12c-48cd-ad91-6d890707a79b,"Shaglouf, M."
71194bb0-3317-4e30-971a-9821b2605ebc,Mariam Ibrahim
714b4fff-32a5-41df-a97a-15e5b0c01b66,"Peterman, G."
71655baa-56fa-49f3-9b81-d4722db91ea8,Bragantini I.
71b0d98a-de6f-43bd-abe2-51bd314cf58d,Rebecca Banks
71d438c5-79b2-45af-aa12-b12b235e6e38,"Heiss, J."
71fb6955-2b5c-4a1e-999e-91515842759c,"Moussa, F."
72135b02-81f1-4ce3-ab1f-3e6e2c60b695,"Carayon, N."
722c8c50-25e8-4b5c-a295-6bcfcb75a3d6,"Bouineau, A."
72fba337-aee0-4c3e-8521-60adec01322c,NASA
739a509c-bbaa-4931-b584-b5df3c829950,"Sedov, A. V."
73e631f5-2ad7-4349-98d5-201ae7d18402,Ahmad Marafi
744916d0-02aa-4379-9339-d9cfdb80e024,"ortega, J."
746968e7-6bbe-4c04-8ccd-a88d0a577e26,"Cherry, P."
7478640c-de56-4338-ad23-89a9e7b83965,"Baklouti, H."
7482f2f5-fc69-44a5-8e15-00fb7dcd51cc,"Reade, W."
74b712c0-ef0c-4844-8b4d-f4049f097316,Aerial Photographic Archive for the Archaeology of the Middle East (APAAME)
74cd5bb6-3a69-4f7d-9ed2-eca88994f394,"Byrd, B.F."
74dfa789-d065-4c2a-8554-f47e45fd03a2,"Lindner, M."
7545f3ac-eabc-40db-ac5a-96cae4866ca0,"Calvet, Y."
7582fa2d-595c-44e2-abc7-acd60d0086f2,"Barceló, M."
75b667fe-24e6-4c8e-a1d3-47b620b24858,"Di Cagno, O."
760e5660-55c7-4c1a-b90e-257d2b1268b5,"Otte, M."
76589b00-2290-497b-ad75-df762dbf8d78,"Thorn, D"
76632e8e-4216-491d-b1e3-fee6a33c3477,Adrien Barra
7674872c-b2d2-418b-b5b0-84812ce8b076,"Zaven, T."
768c658d-5005-42ad-8b30-7cd86e34bb17,Cate Talbot
76a2933a-85a9-457d-9449-2a67dae79a31,Awni Tashtoosh
76dbbfd7-53ba-40a9-9f56-35c5d76e41be,"Kirkbride, D."
77060250-7e42-472e-a383-d4a25026ede9,"Vella, C."
7724cdf0-21b3-4d8c-bd8e-fcab73141354,"Carbonel, P."
77868aca-9205-456b-98ef-aee4f31fcda3,"Auth, S"
77fef06f-3a14-4bdb-8a0a-59cddb4ff35b,Mohammad Jaradat
78016af2-72f0-4d09-9558-48f99c2ebf5f,"Pawlicki, F."
780a6fe2-4ab2-4fa5-98d9-8f52d51d9335,Nichole Sheldrick
780a6fe2-4ab2-4fa5-98d9-8f52d51d9335,NIchole Sheldrick
7836ebd5-1331-4a7e-b4eb-b4a8a53f8527,"Leconte, M."
786644df-1ea4-464f-ae2c-95b8995f8938,Columbia University
7868241a-7faa-4193-9fb3-572d6bd8a72a,Bashar Tabbah
78988f29-986f-4199-933b-575585ae2ac4,"Lehmann, G."
78ce111c-7c45-4518-8d86-18fdcde6987a,"Grabar, O."
78ecfc8e-61f8-427c-b169-3543f3f79ff7,"Macdonald, D.A."
79610782-09c8-4d69-bf5c-554d1ffae6a6,"Hikade, T."
79797bfb-9b31-4825-90c2-f11e99b3e78d,Robert Howard Bewley
797a16ce-a51d-48ce-a608-2e1840810dd8,"Barratt, G."
79c15c50-8aae-467a-90fc-92a356aff029,"Kaercher, K."
79eae679-94c8-4737-a919-2624595b16b5,"Bakir, T."
79fb2c0e-678c-4a0b-af35-8082b39b5718,"Caubet, A"
7a538a46-9977-4673-b50b-daaf019be295,"Cloke, C.F."
7a7b5506-9835-4b8b-8afe-29e03a025efe,"al-Saʿid, A."
7a849a3d-1ac3-4b20-b17a-29216a2d4f19,"Azzarà, V. M."
7ab68879-1d8f-4d0a-9294-3b19a760d8eb,H. Silenius
7ae692ea-5c76-45e0-8ed6-fb751fadbf99,"Sellin, E."
7b2a687d-3189-4116-a4b6-c8850df4f183,Aerial Photographic Archive for Archaeology in the Middle East (APAAME)
7b304d04-0572-4891-9658-1affe5cde744,"Shehab Shehab, A.H."
7b4f0839-7391-46a8-8c0d-f27445202317,"Jones, B."
7b5144a3-48f0-4505-82e3-cb5f2f289634,"Donceel-Voûte, P."
7b79bdbc-90d4-47d0-b108-1f091f49fb5f,"Cunliffe, E."
7bbcbfa0-bc6d-4aa5-88d8-0bd4fc4ed6c0,"Reinach, S."
7c02b104-b5ac-4585-a5cf-66ffe9da9b11,"Banning, E.B."
7c536b2e-d233-4f8b-868a-160290d663f3,"Darles, Christian"
7c5c908b-8af1-4e01-ac48-9d957367df53,"al-Saqqaf, A."
7caf3e9f-7004-4590-aacf-2c00fe48b8a2,"Cuneo, A."
7cd92324-ef51-410b-b4b7-e422aed40834,"Bar, Shay"
7cf9a39a-e64f-437c-8c66-490cdfff0ccc,"Jellison, T"
7d39dd7c-f1ef-4a2b-b4d4-18b044ff01cb,"Brünnow, R.-E. and Domaszewski, A. von"
7d518aba-2f14-4caf-b388-092c7f640fb4,"Khalidi, L."
7d799e18-b7a9-492c-8d53-c9cb2a0ef51c,Will Deadman
7dffd9f2-cd6f-49d2-bde1-db625abcbd09,S. Scaruffi
7e163080-d7b2-433a-ad3f-358f5b54605e,"Sjöstrom, I.W."
7e24a554-5ec4-4a34-ad54-4b77bdac46b7,P.M. Costa
7ed2731e-eefc-4a41-b22e-38c849a3f655,"Lewis, Krista"
7f01e891-1721-4dec-98e2-cde7f9537540,"Thomson, J."
7f224401-0075-4bca-86e3-198d6f7e6b1d,"Hachlili, R. et al."
7f4b7017-f4fb-4c1e-86fe-46d514617ae4,F. Genchi
7f791ed6-8b0b-4ca8-b6ca-7314a26d11e0,"Cirelli, E."
7f832bea-bf93-4e5a-a5b8-94934f304219,"Solar, G."
7f834c01-468c-4800-8616-56aacf9cbace,Anne Coles
7f8ed1d4-221d-44cc-ad46-3e6c1d8a4ef8,UNESCO World Heritage Committee
7f932bb2-f924-482b-b1bd-5fcde451e035,"Shawesh, A. M."
7fb13024-659d-4b5c-9981-53d0ca1174dd,"Tawfīq, Muḥammad"
7fb253db-48b1-4ad5-affc-93c88dadba8e,"Wilkinson, E."
80256a6c-61a0-4de0-a187-1d7397b66204,Faouzi Ghozzi
802ce6c5-82f1-41bd-abb6-82358661e3a2,"Smith, D.J."
803a2349-f36b-4336-8185-cbd00009df6f,"Schwabe, M."
8058a3f8-b4a3-40d7-b77a-fb7b00dc0d15,Calvin W. McEwan
80919bd9-6f77-44b2-af74-8eedaca163fe,"Muheisen, M."
8094b93f-d5a6-4747-aa6d-8df637573bbb,"Kirchhofer, J."
80c101e4-e4c6-4086-baac-ba0b07a87bc0,Nigro L.
80dbb1be-9bff-4130-adc5-a48ce3d181df,"Sprenger, A."
80fe3e8c-a6c9-43e3-a8bc-632827a1eca7,D. Johnson
81003a8b-002b-44a9-93b9-d0dbc2167d51,Mohamed Kenawi/Manar al-Athar
8146ed35-daab-4d38-99ba-27f983367f81,"Dolan, A."
816fc391-6c99-449a-99f9-5d6ceb8c2dd9,"Suire, J."
81876928-d868-4393-966d-1b5ad9a6acfa,A. Retzleff
81c8a313-3df1-47fd-ae30-84f5b2bd3eb7,"Rougeulle, A"
81d3bd22-8255-4b5b-9d20-3df2a0b0807b,"Loreto, R."
81d3bd22-8255-4b5b-9d20-3df2a0b0807b,R. Loreto
81e8d7f6-11d2-49e2-b14f-a0fb75d3d7e5,Rocio da Riva
81ed824d-20e9-495b-afea-f6b4f62543e6,"Walmsley, A."
820d6b1f-e5de-46b4-b4b3-0fea16821bac,Karen Rebecca Henderson
822b76f5-b1fd-442b-a8ed-c5ac6f10c9e3,"LeQuesne,C. Basell,L.S., Sheibani, R."
8256d633-6584-4967-9f4f-27234ba3dd68,"CNES, Distribution AIRBUS DS"
8259f2a4-802a-4a14-9aff-0d7ed6564daf,houcine hechmi?å
826b22f9-dc6d-49e8-aa8f-00ff74a656e9,"Hitgen, H."
82799b0b-9303-42b2-9e76-3e20c799e59f,"Clark, G. A."
829708c3-73ea-4407-9efe-f08dfdc7baa3,"Hammond, P.C."
82beb3c0-9148-4a9a-9d68-0181ff951d67,Israel Hinojosa Balino
82e09db6-0238-4e09-a103-17b2296fd6a6,"Jackson, H."
82e0a16a-de6c-4ea0-bb0c-9b16f079f046,J.-F. Saliege
83154ee0-b514-458a-9fc8-24379852eff4,"Frantsouzoff, Serguei A."
83775246-ab56-40c7-9662-1a8f7da0893e,"Geyer, B."
83a1878d-8cec-4d7d-92c5-6e0c008a4653,"Shantur, B."
83aaefbc-97ee-4bba-bd5d-8a75a15680d3,Rached Hamdi
83b23aac-47d2-404a-8ac3-732593f22e9a,"Koucky, F.L."
83bdb7bc-2d64-4adf-a6c2-9a1fdb6fc2b8,J. Zarins
83c38d00-729a-4153-a115-f5f2c25ee0b2,"Athanasiades, K."
840c384e-2081-4950-b2a8-ddf48eb5500a,John Winterburn
842f8f08-e903-4651-809e-628e3adb0bf0,"Isenberg, W."
846085b4-a01c-4408-9489-b7913df4f715,"Milwright, M."
846ce603-42cf-4a8e-a744-127effbbbed8,"Coque-Delhuille, Br."
84773a34-35fb-4a66-b649-5d1358105a7e,David Parham
847b58b3-0df8-47d0-ab7a-f94129fb00cf,Pascal Flohr
84850e88-a0f1-417d-8a9e-3b83eaaf02f5,"Albright, F.P."
84b9ee60-35b8-4374-a69d-a9847aea4868,Stephen Bourke
84c01501-87d2-4bbb-8a22-e6184a03efe3,"Sowada, K. N."
84f94976-a05d-4c02-9114-bab63679ccf6,Gordon and Knauf
850be2ef-3120-435c-8921-d5567e6a2d80,"aš-Šarʿabī, A."
850e95fc-7978-4556-9a38-07b751a1a17e,Hechmi Houcine?å
8517f608-9b49-4b66-a9e8-f1f5e2f948cb,"Charaf-Mullins, H."
855058ee-9bdb-49ee-af1c-7bf0029fe694,"Fleischer, R."
85a4c37d-34f9-4546-b6c3-15292f441797,R. al-Shqour
861760e4-9b11-42d0-8e3a-1ea04ebad613,"Bibby, G"
861f6740-c943-4fb7-9684-9ebf8232aa1b,"Al-Maqdissi, M."
86396d5e-8cd3-4cd5-9546-a26697facdef,Julien Harneis
86562a33-49b7-4b24-98a5-fd1ef5f73b06,Andres Reyes/Manar al-Athar
8665168b-7f5f-4692-bb17-6fda84629193,"Jones, E."
86c6e6fb-b915-47c3-9832-df25857c1787,"Wordsworth, P."
86cc7e0a-1d05-4e64-a0d2-7fb2bc35c6c1,Bruno Frohlich
86e38978-61b1-49f0-865c-074fde04c576,"Sheldrick, N."
86fd6bf9-deb8-4de9-a613-7515d25a9ad2,Lamia Fersi
8705436e-b2eb-4520-bdf9-52b0fc2cc0c6,Agnieszka Szymanska/Manar al-Athar
877a4732-40da-4d5b-bf16-638f6437ad19,Ahmed Shrif
877eedb6-51f4-4aa5-ac19-58e8459381f5,M. Dartus
87b8d4da-634a-4eb1-8102-799a03cd0d85,"Leclerq, H."
87da6661-1b0a-4554-b10a-aea44ae5145c,Lindner 2003
883307cc-6ee8-4b43-8641-f935c1777a0d,"Grammatico, D."
883815f2-0405-4e3a-98be-90178016d0fe,"Finster, B."
88595d24-708c-4bb4-b3f3-66273affdda1,"Paola Sconzo, Francesca Simi"
8863296a-dc28-4bac-853f-f2be0fee08af,"Curvers, H. H."
88877d35-d981-4189-b23c-3f8cdd0e8550,"Fisher, M."
88d67ed0-2b22-47ce-b23e-1485533c7605,"Casson, L."
88e01157-bc1b-4167-9cc1-cd14f4cf5d45,"Herberg, W."
890ca1bc-b077-444d-8bd9-fd83191b194a,"Müller-Neuhof, B."
894828b9-5508-4cf1-a4ac-be5e8b076573,"de Graauw, A."
895abe95-ef08-43a1-8ca5-6ab621405cb9,"McCorriston, J."
897d1683-0861-4f6a-af4b-078bbf955a2b,Rudaina Almomani
89b8d4f3-3087-4e42-a23f-4a46d8ac32e8,"Penhey, F. W."
89e3c852-f4a4-4372-b5fc-1f13e6667fe8,Mohamed Ashmawy
89ed645a-6b82-4361-92ef-3f450ca740a0,"Al Khouri, M."
8a27ca93-654d-42c4-a21d-7303f4618df3,"Fiandra, E."
8a3ace97-058e-45cc-bd90-306f896a59c5,Paolo Biagi
8a49c954-b29b-4cb0-9443-567a70742a91,R. Jagher
8a78a6b0-bd59-4f11-9418-fe8ffcd3c77d,"Banks, I."
8a9149eb-e31a-4c55-9c8d-cb2e66d01fda,"Nigro, F."
8ab322b3-fdf7-4b1a-a8ca-3960a3d56512,S. Mery
8ab9c3be-b8d5-4e91-b3e0-3b325ec8be8b,Eileen Kerhouant
8b0c91f7-3dde-41b1-9ad4-dcc8dcbc2ed9,"Rutter, S.N."
8b0f1fcd-5530-4ea2-9284-acaa842adfb8,"Shhaltoug, A."
8b1b6634-c53e-45bf-b165-cdb7496fc7bb,"Vibert-Guige, C."
8b5897c1-3927-4244-8cb6-63cfe3d2c262,"Fakhry, A."
8b8abeac-d1ce-49c4-aba9-9337237729ba,"Ayoub, S."
8c11f2e0-552c-4440-ab1b-d7bcb2989526,J. de Meulemeester
8c2098c0-c41c-401c-83a4-772717b80e7f,"Fisk, G."
8c2b162c-39bd-49da-94b7-97e71b7d2f60,"Schreiber, Jürgen"
8c7b1fdf-7d8a-47af-81ce-b6c2b80a4d38,"Tosello, G."
8c91ece6-7761-4d06-b801-2729007bf514,Rodrigo Ortiz Vazquz
8cb78bbe-648c-4a50-8360-5dd0c01d3f57,"Guerin, V.H."
8cd1ddcc-eb44-41d8-897c-1b3703a948fd,"al-Nahar, M."
8cfa1754-c257-4d1a-b3f0-3ce89b1e71ec,Alexander Symons
8d67614f-6054-45b8-bd0e-64d538c28345,V. Charpentier
8d84c046-fdcd-436d-bc0d-de95ccfed504,Alan Cordova
8ddf6d02-0fe7-43fa-96ac-2045413799fe,"Ryckmans, J."
8e030bb2-f622-479d-9422-299dd560a7d4,Yahya Abdul Kader
8e4ce67e-8f63-4e03-93e8-cbbf163b0d34,L. Giorgio
8e61fb26-2e15-4c7e-bea9-6d703460f511,Remy Crassard
8e71f325-b09c-4cd8-b0a9-99d8c30c0e1a,A.T. El Mahi
8e79ae03-1894-4529-a2a4-3cb26b299866,"Gernez, G."
8e8140ce-4839-4b44-9589-70b88c3d9cb2,"Amirkhanov, K."
8e972785-0f74-4cb1-bb7d-d34302c2dbc9,Lamin Abdulaati
8eddb02b-95a3-4d17-88a6-479ce76382db,"Tabbah, B."
8f360520-e8a4-4b07-bbf4-7b387f1d90d3,da Costa et al.
8f4069a0-767e-467a-85f7-4a9d6c9ef0a8,"Cohen, R."
8f585eb9-0ed3-4788-8195-d549a5f0c83f,Ali Alhaj
8f5b398c-a62d-49a0-a70b-ab0d7e2b5e14,"Iibáñez, J.J."
8f96bc5e-30f4-49ee-bd4f-095422573e07,Fady Atef
8fbce20e-f0cf-415c-9c72-7684d37f717a,houcine hechmi?
8fd92e07-0a7f-4c5e-bae0-6c62aae46f72,Georgia  Andreou
90018af5-a3ac-492c-b21b-1283544e054f,P. Wallace
9009d6b2-fd7b-4929-bbeb-658b8a179657,"Brusasco, P."
90662a34-0779-4831-878d-238186612cf1,"Heckmann, H."
90815108-470a-4631-9d9a-3889fa20eb0b,"Gilbertson, D."
908d6a01-dcbf-4715-80a5-d21ec215b62a,Nizar Ben Slimene
90a0577b-b61e-4f2e-bd66-7b6ba0abb50b,"Dihle, A."
90a42b31-10dc-4772-99f3-6d370c44e143,"Højlund, F"
90ae76cf-865d-4e68-971c-c2b2af9be18c,Michael Fradley
90be3d67-f335-4b16-a8bd-3e6a2a7587fc,"Wolf, C.U."
9110dbbd-a120-428b-9f73-f0403902064c,"Michon, J-L."
9115f46a-cec6-4f28-91c9-c1cc550195fb,Miller
911d4080-2820-48b3-91f7-4ea7f6ef70ee,"Gebel, H.G.K."
91287329-6a7f-4b3b-bc56-9a1ffa3598dc,"Henderson, K.R."
913620df-a880-45d8-894b-20ddd25599fa,"Rathjens, C."
91a5131c-8fb6-4a1a-b596-1e02d8a71181,"Kaercher, K"
91ade9b6-80e6-4e99-8912-c9f56a572910,Jordan Tourism Board
91b7e3d4-54b9-4b30-8ae1-68c43df4ca3e,"Kinzel, M"
91c803bf-464b-4deb-a52a-276225fc08ac,"Van de Mieroop, M."
9210ab40-82f9-4e05-87ed-0e946e0ee447,"Meyohas, M.-E."
9227700a-5c70-46c5-92d4-2c0408f624ef,"Sinnah, M."
92288f16-3b7f-4026-8280-3aea5bc3d21e,"Slim, H."
9268933d-531c-481e-8cff-10f7dc96f287,Sayantani Neogi
9273b3aa-e2e7-4701-959e-38c4cf4b3383,"Patrich, Y."
927ff523-d6aa-423b-82b1-b2f0cb2bea30,UNOSAT
92dae00f-9a87-4af2-b29b-f26f5ea04c73,"Lovell, J. L."
93238784-2799-48bc-accf-493648012a8d,"al-Hamdani, A."
934cce0b-da94-452e-a514-8d473dc2a0df,"Vieweger, D."
936da5c4-2075-4197-b059-6906a0e971f6,"Dridi, H."
936f1030-f7a5-49e5-b293-133a88ec5225,"Abd Rabu, O."
93921314-3e2a-4f3d-a395-a3e198493fa5,"Kerry, K. W."
93a0597b-aa0a-45c0-91d8-fa4b60ca2137,"Hano, K."
93a6eac1-3c30-4949-91d5-cc2fe171f5b9,"Arnaud, M."
93cccbc2-c9da-4012-a9cb-b14f93e3342e,Worscheh et al. 1986
93d8ff4c-9ea6-455c-8d6d-c53307f890ce,Vincent Charpentier
94128ac5-0509-466e-8802-e415ef6eb83e,"Bafaqih, B. A."
94332d60-70fa-4cbc-b39e-3618798bc287,"Hansen, D. P."
94618621-960f-47ca-a99b-c764251d145a,"Barbanes, E."
949546f1-ab9c-4ccc-a34c-e428df110416,Syrian Air Force
94bb4d0b-a1a2-4fdf-aedc-ad722bbcca71,"Bloss, J.F.E"
94bdc80d-fb6d-4595-b07e-4557921a333c,"Palumbo, G"
94d18931-618d-4b16-8b83-beec649cfc61,"Schwerdtner, R."
94f0ecc2-a330-4362-b9b0-dc52f1402021,"Bewley, R.G."
951875ec-2095-45ea-9a8b-1ce9a7ab9b32,"Schiettecatte, J."
951fe3c1-57ef-4a9d-bb0b-07a0b604f415,"Bewley, H."
953b5a73-1856-4293-8de4-adcdfc4087e5,"al-Qader al-Husan, A."
954bb26b-fdb9-46c4-8ebd-7166ea6c2f8d,Groundhopping Merseburg
9566894c-e83d-4b69-9f82-e72c6426957a,"Mueller-Neuhof, B."
95789b1c-81cd-4bef-bdf8-48c09672091d,"Bāsalāmah, M. A."
95977721-e8f3-42e7-9b9f-07586b5afadc,"Waner, E."
96182e40-742e-47a4-a01e-5a919351663c,Lutz Martin
962613b5-351e-4520-a702-53bfd187254c,"Leonard, A.Jr."
963fcfa1-c420-46bd-b990-1ed8f20e542d,"Mano, M.-J."
96830cb2-8fea-496e-8e92-ef06ea8d8604,"Mairs, L."
973474c5-3840-4ab8-8a72-964321422b06,"Benediková, L"
975b3d49-6057-4450-b9d3-777a9cc49f66,"Fantar, M. H."
97e1bcdb-dbfa-4241-aced-e58578457215,Mohamad Al Atari
9820837a-3837-4e62-8515-153a25b95e49,"Connor, P.J."
982d3432-e52c-4ee0-b2bd-f1a7b2a22ac4,"Vergara Caffarelli, E."
983c5569-c612-4d64-ae6f-d9f887bd2d8d,Sam Smith
986871a0-f35a-473a-bde9-54c115d11c8a,"Vincent, L.H."
98cf5b57-da3a-4418-b360-e50f754e3b0e,"Radermacher, H."
99842f66-c280-4134-92e6-319d96d0afe6,"Skeels, L."
99a80617-4e05-4f5f-a1c8-e2f4a08878d9,DGAM
99d91555-847f-4f77-b994-48e5d4b29836,"Schaub, R."
99e1735a-cc43-45a0-b71a-936a38c0ae6a,Palestine Exploration Fund
99f8f45d-a0e7-46da-b933-05813a5de8b3,"Hitchings, P.M.N."
9a08971e-560a-4919-ae0d-9243e9e7df37,"Meimaris, Y."
9a48f4cb-a518-4d54-9579-7fe764158840,"Abel, F.M."
9a4e8773-5814-4c1c-bed2-3253a2fde032,"Ortlieb, L."
9a8217e8-4653-43c4-bb50-ef7829ba5fca,"Weigl, M."
9a84bc36-cde0-4655-ac83-84678f7dee6a,"Demant Mortensen, I."
9ab088a5-df30-42ac-9fc7-26036dbe999c,"Grussenmeyer, P."
9ab3d7fd-6fc6-4b6e-92f5-f2b66315c7b4,"al-Khalifah, H."
9acd1f1a-62d3-4c66-b912-e09067511dce,Lynn Edwards
9b3c6a41-d1ba-4d2b-994b-557fea0ed34a,"Gallet de Santerre, H."
9b3d93c8-d435-4ec6-874b-7bc28777dfff,"Lundin, A.G."
9b5e28a5-37d9-4011-8580-6e51442778bd,"Domaszewski, A. von"
9b6cd804-2781-44ae-a8eb-8c9b41f49e7c,"Mattingly, D. J."
9b7e4e3b-39b5-436c-9c39-cddb63c4206a,"Worscheh, U. F. C."
9c249152-c609-4437-b27a-9b74d898f93b,"Sterry, M."
9c8e5273-6a72-4ef1-bf2d-dc3313769a4f,Tell Beydar Survey/TJ Wilkinson
9d163f93-ef0e-487e-afa1-1c39de25987b,"Schroder, M."
9d22d7d6-1ac5-4fa3-a760-08c0d74cf1d8,"Clark, V.A."
9d42b292-d760-4ee8-bad8-9d74e0157c92,"Mattingly, D."
9d5b122c-8fd5-47be-95a9-3b05a7b10e63,"Williams, J."
9d6e4f60-344b-476b-b92e-ef4814f567e8,"Bianchini, R. L."
9d877e4f-b176-42cd-9dac-2d9c8bea66ac,Mohammed Jaradat
9d9a4bee-38fb-4336-9564-f54a9ed5f3ec,"Marchetti, N."
9dad7637-cc8f-43fc-b2e2-682680ee66d0,"Müller, D.H."
9dbc2029-f92d-46ea-9ffb-d3035a0f12a3,"Lamprichs, R."
9de0a358-3e97-408e-907d-186c5e3a4ad2,"Foley, C. M."
9e036ce3-da9d-445a-b686-2f2f4eae7ee2,Royal Air Force
9e4cde0d-640f-4d7b-bf9d-8b2edae54c80,"Mellaart, J."
9e7595b8-fcc4-415f-ab72-5fb2ffa31773,"Gall, J."
9e7f0199-c635-41c4-b079-2e14f49ba598,"Bodu, P."
9ea6e11c-e107-40c2-8944-ed84aa39d33f,French Archaeological Mission to the Sultanate of Oman
9f31c1c3-54ac-407a-93cd-2f24a92c7944,"North, R."
9f3b0bc8-3c3d-4000-95e6-9880fd67e83a,"Lupton, A."
9fce1c3a-3d35-48c7-b6f7-4255325d9b46,abduraouf.aldarebi
9fce1c3a-3d35-48c7-b6f7-4255325d9b46,ABDURAOUF.ALDAREBI
a0215e75-42f0-42b8-9781-1f0a31a83c90,Vanishing Landscapes Wider Project/Ibanez
a029f94a-701c-43c1-9aec-c85c8a54e85c,M. Esposito
a02bf640-be73-4eec-b57e-5a0d5ec54237,Vieweger et al. 1999
a052edd3-d1e4-46b6-9184-eac538972cc0,"Braidwood, R. J."
a09a97bb-94e1-44be-9784-d5d237ee29f3,"Gordon, R.L."
a0ad651a-7082-4d91-a792-cb8b9140fe8f,"Heinz, M."
a0b7c12e-f73b-48db-a10e-aaece078aff4,"Bienert, H.-D."
a0cffb90-358d-4e57-b42b-a3498105c38e,"Von Rüden, C."
a0e9c1a9-e4d0-4ede-adc9-57a618e333da,J.M. Scott
a108df6d-29c3-4d03-9063-c103e78c8825,"Kafafi, Z. et al."
a11aa056-99f6-4716-8a86-9c403932f4cb,Haftom Berhane
a182ded8-9e82-4f5c-91ba-203a59d292c1,"Heidemann, S."
a19353a2-0693-48c5-ab54-78e5d55e2d46,"Nowakowska, M"
a1be1659-91bc-4df6-9e29-c27a77d2f77a,"Gajda, I."
a1fbbbb0-98ac-4ecf-a25f-1349b4cc1e3e,"Mouton, M."
a1ffbe8e-0eb8-4bd4-a2a5-69db6f29636c,"Corò, F."
a23019e1-69b5-4db3-a3fe-0a35ee5035ea,"Hill, A. C."
a256ce5e-3ed4-4c3c-bd91-b4fadad7eb6f,"Winterrburn, J"
a2632a98-d36b-4f83-b8dc-21ba6bed98e2,"Londeman, W.F.J."
a28366a0-6cca-4337-b077-df9e7451c937,"Zeitler, J. P."
a318f9f8-d863-4afe-8690-caf85a3cff5d,"Hritz, C.A."
a31c4983-87c0-432c-aed3-c0d060342de6,"Galvin, E."
a34104af-ae16-46cd-b525-a2e765710bec,"Callot, O"
a344904c-1706-478b-b60a-c0380eb12e32,"Ryckmans, G"
a354676e-b729-4d1b-a6e5-3b6ced343d8d,Vanishing Landscapes Wider Project
a3a222c2-47a0-4081-9613-bc945644afa2,Richard C. Haines
a401a1aa-3a52-4c25-97bf-bed1ad5f5d37,"Kennet, D."
a40bf7dc-c87d-42f8-8473-3fa931f76ace,"Chazan, M."
a4693187-536f-4642-a549-7ec40e7e9df9,"Director: Braemer, F."
a4805a09-7f58-4403-8f04-cc2c459be61f,"Nigro, L."
a4956cf2-5d1a-4e2e-b0f5-049455a94da9,Nicolas Carayon
a49d6736-ed5b-4a50-97e7-601365d8941d,"Willcox, E."
a4d30041-8bb6-4bbf-b685-35e0e3529571,Schlumberger Daniel
a4ebfaa5-7bd4-4868-a375-07ef76820e7e,"Edens, C."
a50bee71-f86e-40e5-a8eb-484dcc4aa8af,"Cornwall, I.W."
a542ce2c-549a-4ef7-8ca5-e4e99ca005b4,"Kadowaki, S."
a555889e-3733-4e71-b70d-1e3fe73aadf8,"Newton, R."
a566d34c-dfc2-475f-bd0c-4e9be74dbd77,"Borgi, F."
a56a24ba-da15-4a27-84d0-5e3eede4e59f,Mohammad Mubarak
a5739dad-b49b-473f-b906-756cc4b68b2c,"Sommer, M."
a5a49d84-571c-42d5-919f-e58e7523f398,Henri Frankfort
a5d7aebd-3063-4689-915d-17486e1e48ce,"Anabtawi, M."
a61116fb-f569-4bec-9d37-bdee8f80057e,"Foley, C."
a64b670e-9b0c-4829-80ac-e5c9c2498a0d,"Micara, L."
a66d1f15-6dc3-480d-9577-33a8d3ce9b6b,"Lemaire, A."
a6c55380-c673-4e37-9f15-be334dc7aa40,L. Belfioretti
a6d70ab0-baca-4203-ba57-e6a5f38195ec,"Cuvigny, I."
a6de78c1-77f2-4ac9-bd92-ca95ab878752,"Ruben, I."
a6f473f3-c4dd-47c0-ad9a-655bf367d951,"Oldenburg, Evelyn"
a7477a81-d16a-4173-8d65-4db986a12e9a,"Rush, J."
a7770931-1b7f-40b1-802b-32485b119657,abduraouf aldarebi
a7770931-1b7f-40b1-802b-32485b119657,Abduraouf Aldarebi
a79fd9e9-a00e-41bb-bd6b-8ac1efefec63,"Dennis, S."
a7cf8a2e-c30f-4a57-994f-16cd39c87fd7,"Prescott, K W"
a7da2cda-50c9-4877-89a3-df5b9133beb8,"Hitgen, Holger"
a7ddb732-a5b6-4730-ac28-5b518b84d4f1,Mike Fisher
a7ffd504-11b0-4316-a929-f34e0987e55d,"Tal, O."
a84d8054-c42e-47bf-821c-cb0b14ced304,Andalusian Public Foundation / El legado andalusí
a85b762f-f3d2-417c-a307-87c2aa70deeb,"Charloux, G."
a8977a6e-f9fb-43e4-9c1d-0a3700f73234,"Benoist, A."
a89e8237-59ea-470f-bb00-f88566279046,"Bāfaqīh, M.A."
a8d751d3-756d-494b-8a86-02ab92ef2b5b,"Shamsān, A."
a9222583-01d0-4432-b324-bc19e54d969e,"Sani, E."
a9480711-28d5-488c-977d-182d8a520ab5,Walid Khalfalli
a9873ae1-03db-4c35-8603-09e27d01ed14,"Stewart, R.W."
a9b2e6e8-8984-4232-a24b-5254d7bde05f,"Marriner, N."
a9c2102e-6c1a-4657-9b27-462b3162b63c,"Porath, Y."
a9c60cb7-93ec-4274-b83b-2aede92e2eb1,Yousuf Albadri
aa0ef3db-5725-43e1-9d0a-16e71684688a,"Wadeson, L."
aa711a84-e78e-48bf-89f8-43d303f7927d,V. Azzara
aa83ae8e-1632-44e4-92e3-f208238ced0d,Edwards. S.
aa9d17e0-1045-4f1d-929e-b22b75435767,"Ferguson, J."
aabfce03-989e-4838-be4d-5b0e1df58754,"Garstang, J."
aacfd004-fee0-42f1-8cc3-1e201f5ed838,Ibanez/Fragile Crescent Project Team
aadedf9a-d7d8-45ac-aba1-1df788b5d486,"Mierzejewska, M"
ab04e07e-d68a-4f18-8af0-18f16c6d2677,Adams (1981)
ab182aca-3d15-46f5-9105-743dc9676601,Hamzeh Aljarajreh
ab2be15b-231d-41e2-b809-80145ba943cd,RACHED-HAMDI
ab3ee8e7-c2a9-4288-8e49-0300a89a02ff,"Fernandez-Tresguerrez Velasco, J.A."
aba18676-4e9a-429d-8aa4-77a592673772,"Arobes, B."
abdd1cd1-90e6-4ee7-9f5a-6914d449ff9f,"Olszewski, D."
abeff255-cdd6-400f-8d2a-900aaffb4692,Jeremie Vosges
ac0132f5-cadb-4358-8b0a-c750ecf32a5f,"De Silva, C.G."
ac1dc1e0-b86e-49cf-9036-da8f3ac11754,"Insoll, T"
ac2504fe-eb8d-4a4b-9cc0-acfeff297bd6,"Dore, J. N."
ac68fb9f-c4b5-40b5-a6b2-091db1e61d99,"Vérité, J."
acb8e8ca-47e7-4ce6-bad3-43857133c011,Mohamed Zouari
ace88362-c90d-41e3-afd8-8a4cb49f84c6,"Mittwoch, E."
ad2add2d-0042-48e7-8c44-5b9ee9c1d4a9,"Saslow, C"
ad2f5c65-cb2f-4164-b169-3618fdf2b9db,"Yovitchitch, C."
ad85fa01-048d-403b-b0e0-fe6be13e9919,"Sharafaddin, A.H."
ad9cd260-1ecb-418d-8db1-0398520f4c2f,The Qantara Project
ada9bd4c-6f1e-4610-a31c-6a4ca71b7c53,Hunting Aerial Surveys
adb5c736-7e16-40eb-b5fe-3b0323b5af7b,Mais Sartawi
add39033-aa59-4c05-bb57-ada4103d2a2c,Andrew Wilson
ae027850-f464-4d93-b5bc-ef5706a8d76d,"Kenrick, P."
ae37aedc-231f-4ab6-8ccb-73cc1a651731,"Vogt, B."
ae3fa417-1878-44d3-b1fe-6e0c972b336c,"Benardelli, G."
ae4202ea-fc86-4f18-ae95-3fa9113a39f4,"Gordon, R. L."
ae4d67fa-0863-4bc1-a7c2-1427d936cf01,"Sidebotham, S."
ae73dc4a-0206-460a-9dfc-949443be891b,Amman Heritage Houses
ae79edae-8ad9-4fe0-9ba3-faa9a6fd1a61,"Maraqten, M."
ae8f4267-8e74-4196-8f2b-43d9680f942d,"Raikes, R.L."
aeccca15-45f5-43c9-aa1e-6b895ff85b1e,"Smith, S."
aed1bf03-3fcf-4643-a852-66a1151a9819,"Garfinkel, Y."
aed78a29-49c3-4c70-9a2f-75cc87fbf97f,"Izzo, P."
aefef0b4-bb06-4ea0-be24-aa69879a06f1,"Krahl, L."
af2c793c-a493-4089-8c5d-1ceda021c08d,"Kennedy, H."
af36a331-a420-42a9-9886-a26d91fe9076,"Bar-Yosef, O."
af5c7f7e-a480-466a-9ac3-797c59f143e1,"Gillet, C."
af5d1618-630f-435d-a4b3-3ce0445a73e8,"Fedele, F.G."
af63d308-365a-4e71-96ff-f9879467ff53,"Rowan, Y."
af7342ff-840f-4d24-aec7-17be5c3a7f3b,"Wright, K."
af990b76-cb92-4c4c-b14a-0a76513da470,"Janshan, K."
afb0aea8-d7d3-4caa-a814-1615691ac075,David Donald Boyer
afc40fed-7e15-4299-8530-15235cdefa4b,"Conder, C.R."
aff3b2ea-d6d8-43c2-9848-fb9f76c14ed4,"Hesein, Mohamed A.H."
aff526ef-09e3-4b69-9071-ef54303ca280,"Farajat, S."
aff526ef-09e3-4b69-9071-ef54303ca280,S. Farajat
affebb55-8fd2-459b-b92b-3c75a2cc2d27,"Bradbury, J."
b015bf41-347b-43cc-8c54-b9576fadd363,"Pieta, K"
b04da034-7d03-47a3-b28b-696dbd210876,Bill Finlayson
b05a36a6-a17b-41d6-b504-2cd17e97f80c,Basam Nasasrah
b06138c5-913f-467d-bf8e-4c325e396842,Aziza Milad
b08cc4f1-54b7-4939-8a44-2f550d11453b,Francesca Simi
b0c7531d-1242-4c52-aaaa-1b1f6e9ad982,"Helms, S.W."
b119015f-7ded-47c4-b862-334d8846479d,"Brünnow, R.-E."
b13a593d-6f9e-4083-a3bb-de4b07b28ac2,Nourhan Ahmed
b14a5621-c26e-4954-a381-24c5f360a94b,Servane Hardouin
b1e5e18c-5eff-45c5-bdcf-ab23d9970ada,"Ochsenschlager, E."
b1e60746-6191-4e31-bb4d-50915ff74bbd,Mohamed Hesein
b205f890-efe7-49e8-857c-12c5f7c0242f,UNESCO Libyan Valleys Survey
b284e3ee-2d84-4bb6-9f1c-9528baf09f5f,Clark et al.; Bill Finlayson
b2961dda-624e-4144-b693-31eed7aaf352,"Di Stefano, G."
b2a7850e-5c8f-4e7f-a967-95496103f828,"Savage, S."
b2b2e803-8af4-4f52-8e07-36063f0c9329,P. Biagi
b2c03ebf-e177-490d-b728-c27d5348ef1f,"Wilson, A."
b2c7df40-416b-4f1b-a7b9-a811b7ff3041,Nader el Kanadi
b2c7df40-416b-4f1b-a7b9-a811b7ff3041,Nader El Kanadi
b2d4d916-143d-41af-ba9d-58b74ec43015,D. Whitcomb
b2d63ea4-aea4-4790-bc7a-7b32291b9c59,Salih Alarifi
b3030afd-b30c-469a-b7b7-3d48a13b803e,Matt Hobson
b31a50a6-1f6f-44d8-81cb-1350422617cb,"Kitchen, K.A."
b34f8e79-0c19-4f23-9f22-fc89acdc454f,"Hansen, E."
b35d5b74-f077-4347-9021-2576e8aee29b,"Laronde, A."
b35f2494-b289-4926-a784-f847f597c78a,"Zerbini, A."
b3886715-960d-4909-8c28-4ee20349927d,"Sanlaville, P."
b39681b5-cdee-4d7f-b988-18c64ec8f411,"Tirpák, J."
b398d73c-85b4-4b4f-b556-94874c58353a,"Abu Sitta, S.H."
b39b06ac-5333-46ee-9078-d0af5d5d62b7,"Maltzan zu Wartenberg und Penzlin, H."
b4279b38-2f4a-4dc3-b84e-f749a99b083f,amman heritage houses project
b4279b38-2f4a-4dc3-b84e-f749a99b083f,Amman Heritage Houses project
b4279b38-2f4a-4dc3-b84e-f749a99b083f,Amman Heritage Houses Project
b458aee8-bc95-48c7-831f-d7ada9d6d870,"Doumet-Serhal, C."
b45951fb-25a6-45b6-8624-d5b9b8b16818,Upper Lake Tabqa Survey/TJ Wilkinson
b4667c92-899f-4088-9bc6-a5b6c01b19ea,"Netzer, E."
b4959751-b92e-46a8-9bac-a39ae753c50e,"White, D"
b4aeb8ff-3ed1-47df-bc1b-586a5c8fa5b8,"Bourke, S. J."
b4b4c4f5-9d52-4887-af4b-f9ce63701f02,"Croci, G."
b4b8a0dc-8199-4eb1-836f-748e39cd1d44,"Badre, L."
b568856c-0e6e-4d40-beba-81e1e773a68f,"Bonatz, D."
b5861941-0b71-44a7-bb0c-0745cbac2b49,"Palmer, H.S."
b5bb4c9a-3b3f-4a4f-b0f1-7d2c1c1ded62,Amr Tassier
b5bd9423-3405-4b19-81ad-c1139f4e057c,"Sala, M."
b5e6a4d8-e3fb-4a13-b40b-7f410c113269,Garrard and Price
b5ed936b-0d5c-46cc-98d5-644a78b39fbd,"Van Lengerich, L."
b5f3f21a-defa-430c-b43c-a382fe8be915,"Wendrich, W."
b6159393-5761-4edd-a09b-bd97a461cb8c,"Von Wissmann, H."
b617cdc5-16d1-48ad-8f44-4f296f914017,TJ Wilkinson/DJ Tucker
b61f878f-4e5e-4911-871b-c2dd326712ba,"Edwards, D."
b61fb16a-759f-4ffe-ba33-1474d14b1576,"Richter, T."
b622618d-9d8b-4e24-addf-8ed97222c194,Natasha Malin
b6268898-384a-46b0-ab86-99879ba64d63,"Hehmeyer, I."
b6855618-fc66-4561-bfbb-8e3c10e2e6d2,"Bianchi Bandinelli, R."
b6b8f0da-ffc4-4899-9c61-b3fd17492be7,"Hauptmann, A."
b6bef2e5-e62a-49c0-a6a0-137f7200f97d,"Abu Dayya, A."
b6c60363-f19f-4dd6-bbfb-dfd7cfa62ab6,"Charbonnier, J."
b6db8cc7-627e-4bd5-afa1-fb45ee951981,"Irvine, A.K."
b6deb7ad-47ae-4d03-b88c-9e8fde469430,"Hübner, U."
b75583e5-64b4-4907-8664-48eacdf5964d,McGuire Gibson
b760ff34-0acc-4480-a6bd-e61be06af516,Unknown (c. 1890)
b7bfa2bc-4027-4353-bd6d-a74d17674767,Pierfrancesco Izzo
b7d89bf1-b182-41e5-9ff0-86b6ca9002a2,P. Croce
b7d9d820-6bd7-4077-9a53-0f664fcc40de,"Petersen, J."
b7eb42d8-d0a9-47e6-a355-6771e6105230,"Ward-Perkins, J.B."
b843ce4e-0ea6-467f-9a3e-aa0a4cbf001b,Mark George
b859aa7d-a76c-457d-b729-a3fcf85201ec,"Garbini, G."
b89083f9-3553-485c-8ed0-3202ffc4efa5,"Mille, B."
b89726cc-a95a-4e52-b9a7-3bc9e270cbc8,"Branigan, K."
b89971d2-8e82-46f3-9d0c-6d039a2e18ec,Banning et al.
b8c79901-c3e9-4014-ad24-e09cd53e8519,"Swaliger, S."
b8cedda1-772d-4e44-a47b-5b769f282428,"Finlayson, C"
b8d5b69d-afba-4918-b90e-e4e5c4169bc3,Maxar Technologies
b8fce3aa-99da-43d4-b0e2-b8dc0a6a7e50,"Polcaro, A."
b910542c-354e-4f38-b3bb-a01694ab20b6,"Bontà, M."
b9110491-ccab-425f-91e1-d47172ed1b49,"Davidde, B"
b9672dfa-4a2b-4226-a9f2-1d29f18f4f06,"Lavento, M."
b96a8d59-5170-4c5f-935f-046474a11028,"Breton, J.-F."
b9ab406a-01a4-408e-87ab-ee590179e2be,Dhouha Laribi Galalou
b9d02436-e462-421d-a344-8c36ca8a8760,"Gerlach, Iris"
ba4b3a40-3840-4400-b8b6-a13d74010767,Musil Alois
ba5fa8c2-ede4-4790-b8bb-c189156cea54,Mohamed Kennawi
ba7628c3-9571-4df4-b7aa-21a7f9d7fb56,"Van Beek, Gus W."
ba88eed0-b2ae-4882-aa8d-ff655c8e0d40,"Bailon, S"
ba8ffee7-1d72-40a8-bdd6-f166da9e5a35,"Stone, F."
baa1fbc4-772c-47d3-a0e2-67160eaef66b,"Rida, N."
bb079a83-3890-496e-af3b-3c1b11fc93d7,Paige Brevick
bb1104f4-3a01-4ba0-9959-eb5b709a4ad5,"Overstreet, W.C."
bb4533fe-8307-4f33-9409-f2dc24cc1a59,Vanishng Landscapes Wider Project/Bonacossi
bbe459d0-6161-4681-99bc-0a2b0f858043,G.R.D. King
bc08929a-5e04-42c1-b961-a4f41b9df9c0,"King, G.R.D."
bc1ff08c-4ecc-443c-9933-daa983231778,Bridgman R. M.
bc2c396c-0908-4bdb-9a46-85935ea6b848,"Palmer, E.H."
bc5ad332-66e1-4eb0-949e-09177b2607bd,"Dar, S."
bc7dbdd1-e718-4eef-8594-ff5706f52e9a,alithebti
bc88ec5e-473a-4d92-9a8b-273e6287f3a7,"Pervinquière, L."
bcbb7d3d-f663-47cc-b940-25e1b2972b9e,"Burns, R."
bcd718ab-1c38-44d2-b4b8-a79a90cc1a49,"Levskoya, G. M."
bcf3732d-1584-4fed-8c97-e8c1eb1a1daf,"Cole, F."
bd00dd61-357b-46dd-940f-4cb3f33c4eaf,"Thalmann, J.-P."
bd1fb363-5482-442d-916e-59c04b962cd1,Maxime Goepp
bd26793f-3010-40ca-bc47-bfdb0cc56e83,"MG(72), RA(72)"
bd2ec625-53f6-474f-aa2f-4217bc9ab844,"Fitteschen, K."
bd578281-1619-4f23-ab5c-313b2086c67a,CNES / Airbus
bd5a9af3-b785-44e4-b1a2-043567666e73,Hannah Sas-Skowronski
bd98906f-6494-4594-a16f-7bf4407ca9e6,S.G. Rempel
bdc97b5d-c048-453e-88de-81c9bcb022e1,Axel Getz
be005328-ea1a-458f-9107-a1a0fba56f4c,"Duris, J."
be1c79ed-ecd0-4d9d-8fdd-117971b2c642,"Ghaleb, A.O."
be4e51d9-085a-4f8d-8953-8f2e35c5cfda,"Dayton, J."
be9013b3-e21f-428b-8419-d8a20b52075d,G. Vianini
bee25e00-d2f8-4423-bd75-601c89ae0429,"Yazbeck, C."
bef2c54b-2d83-4a0c-873f-673ebd68ae30,"Thorn, J"
bef47f1e-9e54-4481-8456-af7d69ad6204,"Panayot Haroun, N."
bf3e0cff-3c5e-45cb-beb2-408afeae1a84,"Lovell, J.L."
bf5db5fd-24de-4b0f-880e-8468daee4ca8,G. Possehl
bf9aca11-2737-4aa3-8ac1-2f5bbea2bec3,Mohammad Tarawneh
bfb8b507-1d80-495e-ba54-563a35171a9d,"Kafafi, Z."
bff3880a-a427-47df-a927-e31d80405a62,Philip Kenrick
bffa25cf-daa6-4d4d-80e7-357f87603d2f,"Phillips, C."
bffd2ada-ecdb-4017-a12c-cdf96dd98c82,"Holzer, I."
c089fa86-241c-4a7f-a96f-de0337ed6971,DigitalGlobe
c0abfd74-4d2b-408d-9bdc-d9a43e993930,David L. Mearns
c0bc8c8a-fa72-4ced-9044-15efaa8e8854,"Eitan, A."
c0e42d9d-27c7-4088-940a-d8dd23c03916,Yasser Karakiri
c0e80dc1-d2b5-4140-832d-8fa3d096e9f0,"Glaser, E."
c0f19bcf-5826-49e0-9671-d354a4096fd9,Tesfaye
c0f86176-57b3-4173-a8b8-2dea99963c4e,"Ahmed, M."
c1469d7e-ce9c-4be7-9d66-f1fdfbd9d3e9,"Evans, J. M."
c19f4839-ba06-4a11-b5ae-4c9b1f3f7052,"Sabelli, R."
c1c73e59-a3b0-4ef0-969b-b84c0ecb9b29,Amr et al. 1998
c1c91780-f18c-45e8-8c18-b3cc0b0a235c,Yassine Lakhal
c220b6bb-5e9c-48e9-b85c-7b18a6ace21e,Joan Campmany Jimenez
c242913c-6323-4292-b2d4-8ed662b27fba,"Wagner, G."
c2489dd0-1eb4-4f27-ac02-1e5555bb380d,"Byrd, B."
c2cafe2c-a64b-4539-8213-e2f5afa14a1f,Joan Campmany Jiménez
c2d2627b-9a1d-4f63-88b5-267f4dc0d630,"Saintamon, B."
c35bddc1-069e-4f5f-b595-fed225811d7c,UNITAR
c38d62ef-0a6e-4f72-9ab9-bdac81b6a735,"Hawthorne, J."
c392d81e-9247-4ada-9ee4-cba4c7ed9344,World View
c3e60a5c-36b9-4e5f-abc0-8009b92b5019,Giada Manzinali
c3fb5487-8ce9-4751-bd19-25efac1a3687,Ross Burns/Manar al-Athar
c450bcd9-2775-44d7-a217-8d0a50dbbc5e,Hechmi Houcine?
c5089ad7-9632-494f-b59c-bcbadf35cd66,Faouzia Ben Zahra
c509a23a-ae4e-4909-91ee-12f2ed636aea,"MacMahon, A.M."
c5199cf1-d861-4917-bfc7-492a085ec170,"Allentuck, A."
c557a4a3-6a76-418e-b62f-2a7ea758d27a,"Gebel, H.G."
c597bf3f-912c-4c0d-9ac7-ba7b4ac0d230,"Aboufayed, A."
c5c3cc0e-5c31-4ff6-8011-8e71d5f7f3b1,"Bourke, S. J. P."
c5ca0ad5-5636-408c-a910-e562b9245192,"Ham, E."
c60006c7-0281-4b62-8d49-e8aead843a27,"Coqueugniot, É."
c63ba099-6f13-47b1-ade3-16f34fc7b7d5,Montassar Jmour
c694d4d0-4342-45b3-b524-0bd4d21e0357,J. Carpenter
c6a4d303-5b83-4c42-90a6-ca6e34bd5577,"Winterburn, J."
c6b7f7d6-7664-4939-a019-c369da3a93dd,"Dorrel, P."
c6f180c6-468d-45cd-83b6-db096ca6f860,"De Miro, E."
c7525c45-ea95-4f1b-b4b9-6dcd7d987ed8,"Weiss, C."
c7637f83-ca86-475b-ac66-d32cbbb7e7f2,Tesfaye Wondyifraw
c779a222-9014-47d6-b57f-bc749233b364,"Porëe, B."
c7ac4c36-ed49-4594-8009-3ea248208770,"Cintas, P."
c7c0a763-3ba8-4d28-b395-6080bf97a25b,"Pucci, L."
c7d16e3c-b88a-4f0c-8f2d-fe31ec61de2c,"Wescombe, P."
c7d604d2-6dd8-41c4-8f3c-413d5608738b,Basim Bileeghu
c7d6f6fe-90e8-45b4-80a8-13cd47bd0930,"Schultz, R."
c7f0a3c4-c94e-4305-a02e-28e0cd86e232,"Liviadotti, M."
c819fd37-0c51-419e-9354-bf1323353855,"Rives, G."
c87342da-c107-4118-a224-06ea97b65fa6,Dana Slameen
c8900166-1252-4545-aed6-f0df8fff9030,Nadja Qaisi
c8950e51-229d-4133-b159-af6bd8265408,"Emrage, A."
c943ea85-d774-494a-8dfa-708b7a181aa7,"Garrard, A."
c9495a3a-a2e6-48d9-87ca-7f1388a63ef2,Sir Aurel Stein
c97b14eb-3e2a-4bec-b699-4fa02c26844a,"Stein, M. Aurel"
c9938893-f026-46c7-bd58-ffcef4f24312,Sean Leatherbury/Manar al-Athar
c9b62567-e141-46ab-8ac9-07512681361a,Sabir Masoud
c9fe540b-f156-435e-a962-c7364a97233c,Notre Dame Architecture Library
ca1431e1-2f48-40be-bf55-b735797bd4e6,"Urban, T."
ca68fc6b-48d1-4117-9158-52b1f7a38397,"Bielich, M."
ca889d68-5f5c-4cbc-9d1c-40c77d86bee1,M. Waheeb
ca889d68-5f5c-4cbc-9d1c-40c77d86bee1,"Waheeb, M."
caf1af7f-510f-4add-9649-c9afd3d3096b,"Khaled Al Asʻad, Michał Gawlikowski"
caf4bc59-9207-4f06-9944-840c8f88c5db,"Seif, A."
caf9737d-89a9-4d74-967c-6a8803ec4eae,"Bleibtreu, E."
cb043cc7-14e8-41a2-b96a-3d3eacb8c555,"Suleiman, E."
cb29a627-976b-4f13-bdbc-e83c392ee8ec,"Halévy, J."
cb49bc30-df37-4789-a4a0-64938b803a0b,Annabelle Oliva
cb529e53-0360-4403-a289-9840a70fa7b3,"Wagner, W."
cb832309-0f4e-43e6-aaf1-f94b99de9830,E. Quintana Morales
cb8c7ce9-a500-46ed-ab94-bdb1f9fbad91,Jean-Francois Berger
cba36e45-ed13-4a38-b044-f4b41a2e01ba,"Garstang,J."
cbc2f0ff-50d6-4a17-95d5-4cc071bd41b0,"Loris, R."
cbdcc4e4-34b7-4ab1-bb16-f662c1af59fa,"Ibrahim, M."
cbdcc4e4-34b7-4ab1-bb16-f662c1af59fa,M. Ibrahim
cc1268f9-6303-4741-860c-6e66fa8ec857,Adriana de Miranda
cc4051f4-6f99-41ee-8755-f97aed518f94,"Rosenthal, U."
cc48ae41-7b3b-4b79-8c43-19f52e97ec8a,"Gordon, L.B."
cc5ea728-1135-4eb5-b236-e0249574a37b,"Agur, B."
cc61f268-f63d-4d06-bf1f-3f6a312a7c40,"Kenyon, K.M.; Holland, T.A."
cc64769e-8f52-4e47-9821-09ab440c506d,Naili Aabdallah
cc70f904-b9e9-429f-adf4-cd58ab73fdae,"McLaren, B."
ccd4ff79-f48d-4ab8-8f2a-c1a11d540f7b,"Madelung, W.F."
cd11ef49-c200-4357-bbb5-c15b3872cc22,"Jidejian, N."
cd4aec03-12ff-4f31-ae5d-819b74b3a01f,"Maigret, A. de"
cd5fa7ec-c80f-44d6-8d17-f71b62fb207f,Bourke et al.
cd962336-d377-49d7-84f1-1cb8738eae50,"Cropper, D."
cdbef080-5f76-46e8-a11f-3c34d5663fa8,"Martin, L."
cdcca067-1021-4a05-9aa3-fe54170ce106,Banning and Kohler-Rollefson 1983
cddb479d-ef1f-422f-a439-08418b4e88fb,Nour Daraghmeh
cdfd3ee5-a5ed-4985-a4f7-12bf98069f9b,MEGA-Jordan
ce638854-985c-45ee-a291-c616aa363e45,"Mattingly, D.J."
ce76360e-2439-4ebd-8d03-942cdae48f6f,Clark et al.
ceb1bcd8-a9af-45ed-bb7b-dbe0a81b5c3b,Osamah Eisay
ceb53002-24fe-4d7a-80e4-a97328857275,Moath Jbara
cefb7b83-ec63-4347-aed7-5d289e0dd610,"Mustafin, O."
cefd8458-6fcd-4137-b8d2-6b7e2c16f0ef,"Comfort, Howard"
cf2e98df-80d8-4ee0-b075-4ace82b156c8,Kenta Sayama
cf31ad63-40e4-45c5-af30-bfb684b031d4,"Sedov, A.V."
cfa89801-7a75-464f-8323-36914a59c6cc,Paola Sconzo
cff267ae-8101-4906-95a5-060e2a45e9b3,Sufyan Dies
d0053e10-8498-46ba-a1c4-2eb8670342d4,"Abufayed, A."
d0208b30-1baf-45fd-8083-59ffc333ef71,Muhamed Bin Jumaa
d038353f-75e3-4b76-83d6-98c703fbd72f,"Breton, J. F."
d047c91f-ac57-452d-92d6-4eb3e485f911,"Beeston, A. F. L"
d048ded7-c0c8-4866-9738-571c1d3a5333,"Ingrams, W.H."
d0ccd975-e999-4303-887f-23c43c9cd604,Demerew Dagne
d0dc2a7d-4c85-4f09-8144-11ce1752cd6c,"Otte, C."
d1154f37-2043-4f84-9177-58768dccfa67,"Groom, N. St. J"
d1241147-dcfe-4d92-b093-f2b374398d2f,Houcine Hechmie
d164c11f-9bd7-43da-b947-b2879a6c792a,"Wilson, R."
d16889dc-6a87-49d1-b050-7f0c2e60573d,"David Kennedy, APAAME"
d1786ae8-09eb-45cb-8664-8860cad7ac5c,"Genz, H."
d20d0c9e-9312-49d7-95cc-d183f031ddd6,"Klemm, R."
d236cd84-43e0-427d-a210-3dd25baffe97,Pirelli R.
d25ef402-55e1-4122-a2c0-1a0cbf03857c,Chambrade and Smith
d2667e64-2d5b-469e-9e7b-775de61b5e79,"Hiebert, F"
d29cbd6e-1ea2-44cb-8b86-53ddaa0b2d01,Maram Abu Zreiq
d2b8e456-66ac-4733-b3d5-938ef1a6528f,"Anfinset, N."
d2c1b303-324f-4879-954d-b7388c419cc7,Judith McKenzie
d2d1624e-2b99-453a-947d-f11bbd730508,"Gerlach, I."
d2f2c6e0-383c-48c0-9ea4-636ebf625dc0,"Höfner, Maria"
d3109360-bb71-4f02-8a7d-f50f8c250382,"Holland, T.A."
d325ad69-62fd-4b76-a008-2196a77ac6f5,"Bafaqih, M.A."
d33a159a-1d04-4ae2-bb67-cfca39b046c4,"Matoian, V."
d3843696-c423-4408-8492-533fa8f9d7e0,"Albenda, P."
d3882aa6-3c0c-4d1f-b059-d299cfac1679,"Molin, K."
d39a92ab-5d9d-406b-9cff-11aa329c0d99,E.C. Marino
d3bfbe1b-2b25-44f8-8d2e-34c382a23e6e,"Rowan, Y. M."
d3f9596a-66e8-418c-96e3-6543f1051d8f,"Costa, P."
d40cb525-dfac-46a0-88d6-3e46b0b80d64,"Parker, S.T."
d40ddd37-8638-4151-b5c6-2c1cc9a8570d,"Olszewski, D. I."
d424de0d-ac04-4fc8-870b-2f17c6a6df43,Pillet M.
d4556654-d337-4d78-ae6e-9c03297dfda5,Protect Syrian Archaeology
d45651f5-5340-4d88-8b84-c603ac1f2917,Jørgen Christian Meyer
d4829549-df82-4c09-9870-d45a7f51464b,wrecksite.eu
d50e3f87-8069-4ddb-8a6f-60ca45f26be2,"Mattingly, D..J."
d5139d20-8b93-4f68-8ba7-47982767aecf,"Andersen, H. Hellmuth"
d5be2fc0-f4b2-433f-97ff-00d486cc3f2b,"Myriantheos, M."
d5e73bd5-06fe-4e4e-86fc-e6a74e685dbe,"Copp, S."
d612d246-8996-4f4f-98a7-c360ac8dafae,M. Ba Makhrama
d62f4e4b-f454-45aa-984b-7a0cc86a144d,"Jung, M."
d643b10b-d5c5-45db-8964-adbf263ab9b8,Jennie Bradbury
d65947e8-166b-4291-b6c3-a183a5833a75,"Esse, D.L."
d6780602-8d8e-429d-a656-4b764e27d5f5,"Gunsam, E."
d6c1e719-564a-4b71-8040-b23eb974c6c0,"Gohm, C. J."
d6e97bb2-79dd-460d-8233-1b016ea7d0a9,"MacDonald, B."
d720fe86-41cc-494a-ab49-998b632c8e48,"Ciuk, D."
d769d26d-86ef-4709-9eb6-4ffde9130970,"Grajaznevic, P.A."
d7a171ce-d394-411c-a73e-76ca825284b7,Corona programme
d7a171ce-d394-411c-a73e-76ca825284b7,CORONA programme
d7bd9e0e-b7ee-4ea9-9c5e-cc31fa5262e4,"Nout, S."
d7c100ef-775f-4c2b-8e3e-28cbc6e407fe,"Sala, M"
d7d0d4b6-c46f-44f3-9502-84ef5bb94805,"O'Hea, M."
d7dd8237-8cca-4b8e-a3c9-8dec37b2a609,"Waliszewski, T."
d80a905c-fa71-468a-bdde-b35b157a2f42,"Gleason, K.L."
d8338f61-a9ef-4ad8-9e18-d377bbfce027,"Schuldenrein, J."
d87bf981-b765-41ba-ae35-a482cc687352,Gouismi Fethi
d8bfa8b2-a005-4b4e-804c-e4899091706f,"Shackley, M."
d8d1c471-27d5-4893-b545-eae340072752,Peuplier
d95bb3ec-6b96-4bd0-9ccf-45678ae00fe3,Paul Sharman
d95dda16-bc01-4201-86ec-236c23399032,AA.VV.
d95ebcf9-b4b7-4b4e-b907-10849aa5a21b,"Scott, H."
d9a0df55-bcdd-4655-8a77-2c1ae64b30ca,"Fantar, M."
d9be4710-90ec-4af7-9631-7e24fd4315ca,"Fentress, E."
d9e1e251-bdfb-4f36-9dd6-c5ddd37826bf,MEGA-Jordan; Clark et al.
da279a4e-75c8-4b38-8168-c9292ea3b196,"Palumbo, G. et al."
da281a98-0b1b-4230-ab84-fc61b46ca8c3,"Abel, F..M."
da633652-ecc8-44f1-a14d-2fa6a620d416,"Arramond, J.-Ch."
da8b4c1c-c318-4054-9600-344a704512cd,"Bernard, V."
da975172-9470-444c-b694-5011a50c749b,Department of Antiquities in Jordan
dabc4c13-650c-45de-9d0b-71a113045d9f,"Robine, G."
dac188c3-3779-4170-95a4-984194d0a74b,APAAME
dad34303-847a-4eef-8335-cb96fe7f6c5e,"Fedden, R."
dad4f2d0-1981-4db5-8ca0-6f46a8ad794b,"Hirsch, L."
daf2ddb7-595b-4755-a89e-68545c3fb475,"Nebes, N."
db68aba3-efb9-4037-98c0-b95b19996b3d,"Larché, F."
db9098e4-2bb0-4bf2-97c5-95be315fb365,"Morel, J.-P."
dbcf0e43-1afc-4657-9260-e36c49b1be98,"Barnes, H"
dc29abdc-99d3-4e67-a072-9e5e0b010c45,Hunting
dc2bb720-9c8b-4657-8573-f3ac056121cc,"Cooper, J."
dc314b66-d69e-44d8-9198-adf366a4c20b,P. Bartolomei
dc321370-307f-4235-a08b-adbbcdaea4e5,"Davidde, B."
dc4643d3-4acc-4571-8ca1-ada0a68d4dec,M. Neri
dc5b0e0f-21b1-4041-846a-c207afe6a7f0,"Vailhe, S."
dc72a49c-7e89-4f20-8808-fc698a2c37c7,"Pic, M."
dc7caf14-fee2-4203-b13b-72e6c5b3d46d,Aya Barakat
dc81355f-8f10-4d42-8dc7-edc2b0e5aedd,ARCCH Staffs
dcb0ada4-4eda-49b5-916f-f87cab121f0b,"Benvenisti, M."
dcb97236-2d24-42f0-bd9f-dc9b7b307e0a,"Killick, A.C."
dcc0a37f-60e7-4f80-ae61-c21a3f8c52e5,"Najjar, M."
dcc0b9ba-cda1-4bb0-8400-97a93747005b,R. Hauteford
dcc20c55-f0f3-4b5d-9ac6-d7479f49ebb5,"Arbach, M."
dd3cd8dc-857d-43e2-a250-fece1fb3e6d1,"Ricci, A."
dd408569-d18f-47b9-bfd4-86f2761939b5,"Gnoli, G."
dd41a7e6-ba2b-4a3e-b24b-d902cbbfb866,Nigel Pollard
dd832bbe-b449-4f35-86ad-55d780739d2a,"Bāṭāyiʿ, A."
dda63c73-e2da-42ad-95a2-bd36e3ac7a7b,"Kropp, M."
deb16675-5f35-4586-b1aa-bd59e0600d85,Mohammad Tuhimer
deb6269e-872a-423f-a90e-de7ae3af6b90,"Korotayev, A. V."
df15a29d-1d5e-429b-9c8b-1da6d33cee11,"Kervran, M"
df21d0e5-bf4a-4eb6-9bb9-2469005741e6,JAASISTERS
df461efc-63b1-4d33-9f1d-7becc96f82e9,Peter Pickering and Ingleby Jefferson
df85792a-b2e7-4a75-888a-1a64e404242b,"Akkermans, P.M.M.G."
dfb2cd10-0cc5-4cfb-8104-24a40dee3b86,"Freeman, P."
dfbaf460-1a36-4b16-96ef-e78090eae80f,"Kakiuci, H."
dfc81323-fb16-401a-8c11-8b04b4cb558c,"Zaqzouq, A."
dfd32b77-884d-4860-bc95-3b8ee04bf50a,Central Intelligence Agency Directorate of Science & Technology
e0001a11-7fc7-4249-8244-3707ea2a8291,Shutterstock Food Photographs
e000444d-9cd2-48ad-bb99-e75c33e52082,"Copeland, L."
e009b3ab-0665-4648-bc3d-1142613f0cf2,"Eighmey, J. D."
e066a8b2-32bc-436b-9a71-8b1666c4db5d,"Haddad, N."
e07613f3-014c-4f65-99b4-5d27f47b5f95,"Scarin, E."
e0a7ce4d-af66-4494-b399-a29635ec9277,"Thuesen, I"
e0c0391d-f14d-4cb5-a843-931ea1d7e27f,"Sharp Joukowsky, M."
e0c3e3f0-e673-4928-aefd-9d795f2de104,"Bjorgo, E"
e1114446-6cdb-424a-95b8-fe19455b116c,"Egels, Y."
e12a696f-60f9-4ee9-b479-fde890d5e901,Karima Benrhaiem
e13ef4ab-b8e8-42e1-93fd-70d496545bb2,"Bowen Jr, R.L."
e16e8590-3617-4b2c-8e92-b0cbaa37194b,Slim Bechrifia
e184ef77-0203-4db4-993a-fdb7ba0c1e3f,"Westley, K."
e1a0513b-6a9b-4d37-baa6-799263d5cf6a,A.N. Al Busaidi
e1d60c90-b646-47b5-b8c4-c808d1115c89,Emhemed Gerjebo
e1dff35b-3924-4edd-93b0-c2cf3150d7de,"Kuijt, I."
e204abaa-9fcb-454a-b42a-121b6ba6a2ce,"Garbrecht, G."
e229fa0a-34a5-4f9a-ba56-e9f5b03cdffc,"Finkelstein, I."
e2d248cc-be7c-450a-a761-e1bcd65d3e02,"Airotti, A."
e38e8c90-c2fa-4dd4-95a3-1682b5d9a024,to 5
e3a1ed00-8054-4c7d-b852-d30bc6e1e9d2,"Bqa'in, F."
e3ae67d5-8d4a-4db6-be26-614239c58c21,"Wilson, J."
e3c17c28-decc-45db-8f0f-395bfc8aee0b,"O'Neill, J."
e3eda219-10fe-443b-899c-8c229ae21999,"Mairs, L. D."
e3f9a1b9-0c01-4808-8dbc-7e3b2992c763,"Murai, S."
e41830e6-07e6-4cc6-89d3-140abf612b77,"Paradise, T.R."
e41d4bee-f9ec-4b59-add1-dee186971843,"Steele, D."
e4530fb2-f7cd-4712-a2ee-ae99a13431c2,"Roux, J.-C."
e4a76ecd-ce65-4e52-8519-5ea12c85cd7c,Iwasaki
e5395374-48f9-4d5f-8c75-48cd058d3055,"Barta, P"
e544af0f-3c79-4e26-bd84-599213eaba93,"Clubb, J."
e5571670-3e81-4e26-b612-cfcbbdbad8db,Samar Habahbeh
e58a320d-85b2-47ef-8d34-1e0003ebfbce,"Hobson, M"
e593297c-58bf-4e0d-a018-649b475e264a,"Damati, E."
e5975a3a-107a-491d-b49c-9592fda4e332,"Tanabe, S."
e5a0ff3c-5d18-453c-953d-63e8302cdb91,"Amit, D."
e5d986e6-ff21-471a-bc4f-14f5590b2b4e,"Cagnat, R."
e641a44f-af80-456b-ae14-b80899a14d61,Simmons and Kafafi
e6476a55-d275-47bb-a1c6-905e6204e777,"Klaus, M."
e651d62c-5fce-411a-9405-10bac2c34df7,"Hitchings, P."
e662ba68-b763-4ad6-9f27-3fc74dc83c05,"Al Maqdissi, Michel"
e675e9b9-96fd-4ea3-8d86-1351f812b7d7,"Dollfus, G."
e6d89286-0b3f-411d-9f7c-c141aaf45df0,"Rouhani, B"
e6f6ddf7-7dd3-401a-a44e-b90a7d771389,L.S. Newton
e6fb47f8-78a5-48c6-9af6-9831b62746bd,D. Étienne
e7033b2a-3106-4ae5-bb67-191c67e1bdfe,"Rebuffat, R."
e737f1cd-64c1-4fb1-9561-0c6a6b9b164f,"Vogt, Burkhard"
e78808c7-df14-40c9-968e-0622264db2ad,"Simmons, A. H."
e7c91781-6a4b-47ca-88dc-2766214c881c,"Sowada, K."
e7d32b8b-f51d-4918-a3bd-9465c363d935,"Margueron, J.C."
e7e39d66-130f-44c3-92dc-df4312a5dc3f,"Grebenart, D."
e7f4a1c8-ede3-4f82-b19b-6d93b4e4e945,"Mensan, R."
e8168630-87b7-4493-8ea4-cdb451f8c192,"Schoch, R."
e827c985-ae42-452d-b633-0a038189399f,Gordon and Villiers
e849f7ff-17c5-47eb-92c1-1cc7db5f8f1f,Sophia Davies
e884cca7-accc-49e5-8a2b-469d778f96ce,"Salles, J-F"
e88d980b-7f29-4631-a234-11747d5ba28d,"Piotrovskij, M.B."
e8a4ba56-cb96-41b6-990d-48d2beb8232f,G. Bisbeh
e8cca4d3-6782-4838-b03c-d658fc55249e,P. Baker
e8e9b7af-ac85-4c9d-9dcb-dadae216a0d6,"Robin, Ch."
e8fcb4e1-9eb3-4e54-a482-2515efbe2713,Dawoud Husayn
e94adef9-b5ff-41ce-a475-834fee3f8c40,"Uggeri, G."
e9649e46-9aa2-454e-8ae6-e946abfc347f,"Yasmine, J."
e97215aa-7c2c-46c2-b8dc-b5972d65ab43,Winterburn. J
e97c7ef7-6637-41aa-a3b8-d80ade7ca793,"Bataya, A."
e9b840bc-3d31-4cdd-8e12-54f29c591af2,"al-Momani, A."
e9ba4922-dd07-4863-b39c-d0c78f8a91e2,"Cunliffe, E"
e9c5941e-5176-4107-9e0e-2598e2071e54,Amr and al-Momani 2001
e9d60038-807a-4f33-9379-bd787d7c2acc,D. Herremans
e9dcfbd3-0ef7-412e-a17b-ae1fb68d019a,G. Simsek
ea06c1e1-d53b-4b2e-b8b0-3c5a8bdc16f2,Tania Manuel Casimiro
ea91e0d4-2cc7-4ff7-9007-d3c73683781a,Graham Philip
ea9fe0fb-5ead-4752-b4cf-d7528b767165,"Mortensen, P."
eac176bb-d933-4a4e-bec3-570e52e11414,"Kenyon, K.M."
eae4287a-1c7e-4dd9-b6ad-4b38a58b35a9,David Kennedy/APAAME
eb316dec-5583-4115-bc94-8f47ecc0d34e,"Betts, A."
eb6d8683-85ee-4e54-b252-2db5ba69f41b,International Union for Conservation of Nature
ebb89d87-607e-4e01-8221-40835efe49a3,"Bātāyi, A."
ebbf603d-b5df-4fc5-96be-d0a9e50f7ae8,"Zertal, Adam"
ec02f9b8-3701-4d91-8b2d-a2063d363d33,"Zayadine, F."
ec57173b-331d-4890-8700-49229758d8e7,"Michèle Daviau, P. M."
ec65f4f6-8dd3-43da-93a2-454972761112,Bosayna Eisheh
ecbbcc5b-e63e-4c4b-87aa-fcbc8cca77a8,"Meadows, J."
eceb5144-5ab2-41f1-bc50-173858fe8c7b,"Banks, R."
ecf413b3-0c06-410f-8a7b-1ff4f02c1099,Abed Assaf
ed3ab407-e8c1-41a7-b443-3aef87e46a59,"Reynolds, P."
ed6d2275-22d6-4e0d-b532-b7af865c7f3f,K. Damgaard
ed81b7f4-e526-4a1a-988e-be5b0f2063ab,"Rollefson, G.O."
ed974a5f-0bda-403c-8222-b79c431275ba,"Simmons, A.H."
edcd4ea9-189f-44c2-b031-c2e1ccdc3463,Bonacossi/Fragile Crescent Project Team
ee09bf69-2335-4ce9-b8c0-1d8e98014254,DigitalGlobe/HERE
ee746602-f501-40f8-bf67-aebcec50265e,R Mc
eea26152-2c40-4cba-8281-864d732faf76,"Silenus, H."
eecf3d44-8d0a-4927-9b1f-1a68628e231c,Linda S. Braidwood
ef02f1e7-1211-48a5-88d4-5f2dbe037001,"Cowper, H.S."
ef0ac02e-2ed2-472c-8581-6e21fdb871ad,"Fiol, M"
ef33b8e2-530d-4979-a8d5-53dea6d36dcf,"Alramahi, H."
ef3c8bd6-8faf-4959-98f1-db4b8a0b24b3,Zouari Med
ef48dab3-7f15-4175-8ed0-8ed2474aefe9,"Morony, M.G."
efadcb78-dbe4-40c8-b3a7-6694bf43095a,Arwa.Abu.Elhija
eff0feb6-1932-48ab-a162-edc480a0a69d,Ali Thabti
effa2f52-2430-4d28-a033-0342699802b9,"MacDonald, D. A."
f01aba1f-ae65-4e02-909d-edff601b4913,"Daum, W."
f0380f24-8612-4a2c-bd3d-fa7604ca3aed,"Wexler, L."
f059654f-3244-48a1-a605-80b8e5d329e3,"Shaw, I."
f05c0236-191f-4725-8094-f27597d453f5,"Bates, M."
f07de06a-ea32-46c3-ace8-06a43ef93f1c,"Janetski, J. C."
f08052e0-09a2-4333-81f0-be699655b964,"Crowley, H."
f08ae2d1-e60b-4407-8b31-c13256ad9fb6,"Director: Mouton, M."
f0abe84c-d238-4461-bb1d-aef4e1edea5d,"Wilson, C.W."
f0c12756-91e3-4f9b-a59c-6de1abfb0435,"Schnadelbach, K."
f0d5e684-25f3-40bf-baec-26ce0ca2e579,Aerial Archaeology in Jordan team
f0d87953-acdf-4031-a27c-8945d030b763,"Riley, D.N."
f1154bb4-0204-4377-b4d8-f9b25afb9939,"Rapuano, Y."
f1431406-aeb3-4cf5-ae17-ed2d46d019bd,"Bartl, K."
f1a1ae53-5826-48ac-8d43-b82c9e0314c3,"Smith, P.,E.,L."
f1e3031f-fe34-4450-8dcd-783ee00157c4,"Doe, D.B."
f1f4bb9a-a984-4b68-b30f-237476cb811b,"Gaetani, M.C."
f1fed32a-7eb5-4904-bcb5-597e49e19490,"John, E."
f20f35f1-515d-4b0f-aafe-066243d87c1b,"Grohmann, A."
f25bcc9c-3341-4ac6-a520-99457730b969,Bijan Rouhani
f2673044-887e-4392-9472-2c361eb23ade,"Khalidi, Lamya"
f287b7f4-3b5e-4ab8-8ffc-b1836a01beae,Adams (1965)
f29d311b-686a-4231-83dc-70e9413c76d2,"Balty, Jean Charles"
f2b5988e-6272-4cbf-a474-940c7ab771a0,"Zitterkopf, R."
f2f8d51c-f70d-4c77-9b4d-9bdbf86d975d,"Petriaggi, R."
f3113cc1-6e9f-49a1-b96c-5f426d28ae4c,"Amidon, P.R."
f3407f34-5cdb-4edf-9934-8b5d4706c11f,"Crewe, L."
f39d753e-c602-4ad7-9d4e-bcb7be320f5c,"Vincent, J.H."
f3fbc87a-5672-49e5-ad7e-148c96b2e0e7,Instituto Geográfico Nacional
f43c5d8b-ade3-481d-b71a-61c0db9072ee,"Kutiefan, L."
f43d6e4c-5854-4203-a16a-30943010e279,Robyn Mason
f4419472-3f8b-48f1-8d4e-e9b08ae4d82f,"Bourke, S."
f469be53-39ff-4f1d-b29e-1dbee16cfcbf,Hannah Kirby
f47bac8e-4f5e-4564-b9f1-300e1e5b08be,"Bedford, F."
f48c6f3f-fc24-455d-87a1-5510ed14f7f5,Kadowaki et al.
f4a34632-2971-47cc-bbe2-268d8e9dbcca,Carl H. Kraeling
f4c2aba7-64f3-4306-b1b8-94236213a745,"Barker, G."
f4dc9091-88fe-488d-8298-e2cb808bf974,"Gerig, M."
f519cd4e-107a-4a8b-ba22-0e8a6bd0ab3b,"Meshel, Z."
f53564a1-d0df-437b-a322-690161ef6c92,Helene J. Kantor
f5995bbd-2b34-4598-b2ec-4eec28346e42,"Casana, J"
f5a368bb-e804-48be-9c5f-0adac36b16ff,"Darles, C."
f5c9ea9a-97a8-46f6-9468-4ebc023232ef,Batroun Municipality
f5d68c8d-4fb4-4e3a-a454-af9de95e2b06,"Garrard, A. N."
f5f27eb3-e3e4-4a5f-859e-13e2e657b207,"Schneider, M.A."
f5ffabe1-534a-4cb7-b113-68a60882c15f,"Winterburn, J.B."
f6380293-a48c-43b5-b878-7cd419b6baa8,"Bar-Adon, P."
f64e7abe-fc5f-45bb-84d1-31704fc828b8,"Jauß, C."
f67c6a7a-c95f-4031-95f0-d70e05942334,"Mueller-Neuhif, B."
f6cc41ca-c952-45eb-b711-272adde74147,x+F30
f6dcb856-8894-4221-8e53-ba6a7d6a6acd,"Kenyon, K.M.; Holland T.A."
f78e4f49-a0a7-48f5-ad62-083704d905bd,"Coulson, D."
f7c32e5f-d66d-434f-9c1f-b298a7f10145,U. Dahari
f7d1e98d-e545-4bbe-a88e-360e14e813a0,Aboulqasim Masoud
f8092930-4fb3-42dc-adb0-e790ef3b4e56,Eleanor Savage
f81e90bb-fbaa-4c96-9cfd-f963bda99a88,"Ashton, S.A."
f8303773-cf50-49db-b0ee-064326144dcd,"Peleg, J."
f834f429-97d5-476f-89fc-b8c9c007e89c,Krystyna Truscoe
f84e058b-e76f-4efd-833c-9536f4dcf091,"Abu-Taleb, M. F."
f87482a0-6608-44b1-b479-3064eba811df,"Kreidi, J."
f887b301-68c6-48d6-bb9e-71f344999466,Lakshmy Venkatesh
f8c68cf5-87af-4f8f-a725-57e3d4bc3a5d,"Cleveland, R.L."
f8cf37fe-1d6b-4c96-a397-b5a3467c5dfe,Louise Rayne
f8e2fcc3-8ef2-4b35-a675-de107162ba0b,"Londeman, W.J.F."
f8ea339f-0be0-4e4e-b6b7-6c5a754d5065,"Debajah, M."
f8f1404f-f53d-45be-9bd4-c268e28397ac,"Broise, H."
f92e9147-3f6e-4af1-a344-0024b3375d16,Firas Bqa'in
f95f0422-46ec-4b55-b185-2c1d41ad7268,"Tischbein, B."
f9625051-b6d6-4e6f-a645-517e3b247eae,"Coccia, S."
f96da40c-2c63-47ea-bec7-bf13461aa792,Najd Mazahreh
f997473d-09e5-4827-8e99-f45b7e7532e6,Ibn Battutah
fa9928a4-654e-48d5-ab1d-8c7419c84d45,"Münziger, M. W."
faa9aaf8-f2bf-4488-87ea-3b145d24fac9,"Deneauve, J."
faaca629-2eac-4913-aa69-e8a313af04d6,"Lancaster, W."
fab0d00e-2ed0-4120-86cc-02d051b796b5,"Frantsouzoff, S.A."
facb1180-512e-449c-856f-fc1728d6f6f5,Hechmi Houcine
facc0881-7427-4ef1-b466-cfcf144a1ee9,"Schmid, S.G."
faf69708-99ab-4cbe-9a0f-d12896e054f7,Al Baleed Archaeological Park
fb146437-d417-4a60-b59f-f52ce26c6ee7,"Mandel, R.D."
fb1d9282-e2e9-4901-a1e3-7f0a03963f84,"Hirschfeld, Y."
fb3de13c-a245-4f38-bffd-19598be6e95b,"Meyers, E.M."
fb6e848a-3d67-4d3b-b828-ad73150804fa,"Crone, Patricia"
fb8168ec-275e-4f78-bf17-76ec1a7f1d38,"Alt, A."
fb9ba0d8-b420-4060-b5cc-3b5ce593769b,Claudi Vita-Finzi
fba41ecd-18b2-4541-b5a2-ad4aef352303,W.R. Phillips
fba7b97e-a6db-4cec-828a-47e2a456353e,"Glanzman, J.-M."
fbeea22a-7bcd-447d-a165-f0397b885e92,"Ghazal, R. O."
fc244bf1-eb5c-40dd-a100-4240e019b57b,"Rouhani, B."
fc2560ff-77fe-4d94-9c5a-1e922edfd38c,Tariq Teekah
fc494b3b-f53c-4f3a-b582-7e2be8c92e40,Mohamad Atoom
fc782644-dcdc-44ff-917c-a9cd6f20b993,"Photo Dept., American Colony (Jerusalem)"
fcd2feb6-9f0d-4405-82cb-fdec3ed38044,"Jans, Greta"
fcdf8a9b-ce24-4a43-9223-7d0a13f3023d,"Almutairi, M"
fcfb57ca-cb41-4543-8283-54b38e40aac1,Gibson (1972)
fd0b9522-aada-4600-a0cf-b52e531e2648,Muftah al-Haddad
fd32c286-8129-4f15-83cb-085be80cab4c,"Tobi, Y."
fd688a62-72dd-4d11-9c5e-37c9056d9fde,Mahmoud Sebai
fd93c6b7-3ad6-429f-93e5-8d0d77887d8c,"Fino, N."
fdafcd74-992f-4739-b1de-c23c027c2166,"Blitz, A."
fe048f41-0c2c-48dc-80dd-ffb27c845576,L.G. Marcucci
fe349d6d-8cdd-4535-9e67-2acfee9f3b2a,"Lloyd, S."
fe4dc0f6-05f9-4aed-a1d3-82cc9fa7132f,CNES/Airbus
fe562aec-5e0c-48c2-a6c5-8c0d7bd45118,"Van Vyve, Anne-Sophie"
fe6a060a-4b33-4ddc-b43a-3807fa34d1d3,"Bewley, R.H."
fe9e3d66-3f5f-4d33-afec-dd44737dab61,"Bowen Jr, R. L."
feb338e0-ed84-494b-9cfe-a0e52ef88a6c,"Gabriel, M"
feb75390-ed6f-494c-8507-8491b69eb5bb,G. Magnani
fec2b8c4-234f-40f8-b0a3-c12e001367bf,"Szymczak, A"
fed6a060-336e-4fb5-a44f-a811355ef268,"Makarewicz, C."
ff715a6a-28c1-49cf-a208-c2ab7781417b,"Ovadiah, A."
ffc8168d-2ab8-48bc-b728-f9d5052b4df2,WorldView-2
ffcf89c1-6ed5-40c2-9a52-8794f2dc0968,Eman Titi
ffec6004-0c6c-47fa-9686-ad4f47b2edb8,"Kennedy, D.L."
